"","Spectra from Area #1-Spectrum","Spectra from Area #1-Background","Spectra from Area #1-Modeled","Spectra from Area #1-Residual"
"Energy","Intensity","Intensity","Intensity","Intensity"
"eV","Counts","Counts","Counts","Counts"
-2.475000e+02,0.000000e+00,0.000000e+00,0.000000e+00,0.000000e+00
-2.425000e+02,0.000000e+00,0.000000e+00,0.000000e+00,0.000000e+00
-2.375000e+02,0.000000e+00,0.000000e+00,0.000000e+00,0.000000e+00
-2.325000e+02,0.000000e+00,0.000000e+00,0.000000e+00,0.000000e+00
-2.275000e+02,0.000000e+00,0.000000e+00,0.000000e+00,0.000000e+00
-2.225000e+02,0.000000e+00,0.000000e+00,0.000000e+00,0.000000e+00
-2.175000e+02,0.000000e+00,0.000000e+00,0.000000e+00,0.000000e+00
-2.125000e+02,0.000000e+00,0.000000e+00,0.000000e+00,0.000000e+00
-2.075000e+02,0.000000e+00,0.000000e+00,0.000000e+00,0.000000e+00
-2.025000e+02,0.000000e+00,0.000000e+00,0.000000e+00,0.000000e+00
-1.975000e+02,0.000000e+00,0.000000e+00,0.000000e+00,0.000000e+00
-1.925000e+02,0.000000e+00,0.000000e+00,0.000000e+00,0.000000e+00
-1.875000e+02,0.000000e+00,0.000000e+00,0.000000e+00,0.000000e+00
-1.825000e+02,0.000000e+00,0.000000e+00,0.000000e+00,0.000000e+00
-1.775000e+02,0.000000e+00,0.000000e+00,0.000000e+00,0.000000e+00
-1.725000e+02,0.000000e+00,0.000000e+00,0.000000e+00,0.000000e+00
-1.675000e+02,0.000000e+00,0.000000e+00,0.000000e+00,0.000000e+00
-1.625000e+02,0.000000e+00,0.000000e+00,0.000000e+00,0.000000e+00
-1.575000e+02,0.000000e+00,0.000000e+00,0.000000e+00,0.000000e+00
-1.525000e+02,0.000000e+00,0.000000e+00,0.000000e+00,0.000000e+00
-1.475000e+02,0.000000e+00,0.000000e+00,0.000000e+00,0.000000e+00
-1.425000e+02,0.000000e+00,0.000000e+00,0.000000e+00,0.000000e+00
-1.375000e+02,0.000000e+00,0.000000e+00,0.000000e+00,0.000000e+00
-1.325000e+02,0.000000e+00,0.000000e+00,0.000000e+00,0.000000e+00
-1.275000e+02,0.000000e+00,0.000000e+00,0.000000e+00,0.000000e+00
-1.225000e+02,0.000000e+00,0.000000e+00,0.000000e+00,0.000000e+00
-1.175000e+02,0.000000e+00,0.000000e+00,0.000000e+00,0.000000e+00
-1.125000e+02,0.000000e+00,0.000000e+00,0.000000e+00,0.000000e+00
-1.075000e+02,0.000000e+00,0.000000e+00,0.000000e+00,0.000000e+00
-1.025000e+02,0.000000e+00,0.000000e+00,0.000000e+00,0.000000e+00
-9.750000e+01,0.000000e+00,0.000000e+00,0.000000e+00,0.000000e+00
-9.250000e+01,0.000000e+00,0.000000e+00,0.000000e+00,0.000000e+00
-8.750000e+01,0.000000e+00,0.000000e+00,0.000000e+00,0.000000e+00
-8.250000e+01,0.000000e+00,0.000000e+00,0.000000e+00,0.000000e+00
-7.750000e+01,0.000000e+00,0.000000e+00,0.000000e+00,0.000000e+00
-7.250000e+01,0.000000e+00,0.000000e+00,0.000000e+00,0.000000e+00
-6.750000e+01,0.000000e+00,0.000000e+00,0.000000e+00,0.000000e+00
-6.250000e+01,0.000000e+00,0.000000e+00,0.000000e+00,0.000000e+00
-5.750000e+01,0.000000e+00,0.000000e+00,0.000000e+00,0.000000e+00
-5.250000e+01,0.000000e+00,0.000000e+00,0.000000e+00,0.000000e+00
-4.750000e+01,0.000000e+00,0.000000e+00,0.000000e+00,0.000000e+00
-4.250000e+01,0.000000e+00,0.000000e+00,0.000000e+00,0.000000e+00
-3.750000e+01,0.000000e+00,0.000000e+00,0.000000e+00,0.000000e+00
-3.250000e+01,0.000000e+00,0.000000e+00,0.000000e+00,0.000000e+00
-2.750000e+01,0.000000e+00,0.000000e+00,0.000000e+00,0.000000e+00
-2.250000e+01,0.000000e+00,0.000000e+00,0.000000e+00,0.000000e+00
-1.750000e+01,0.000000e+00,0.000000e+00,0.000000e+00,0.000000e+00
-1.250000e+01,0.000000e+00,0.000000e+00,0.000000e+00,0.000000e+00
-7.500000e+00,0.000000e+00,0.000000e+00,0.000000e+00,0.000000e+00
-2.500000e+00,0.000000e+00,0.000000e+00,0.000000e+00,0.000000e+00
2.500000e+00,0.000000e+00,0.000000e+00,0.000000e+00,0.000000e+00
7.500000e+00,0.000000e+00,0.000000e+00,0.000000e+00,0.000000e+00
1.250000e+01,0.000000e+00,0.000000e+00,0.000000e+00,0.000000e+00
1.750000e+01,0.000000e+00,0.000000e+00,0.000000e+00,0.000000e+00
2.250000e+01,0.000000e+00,0.000000e+00,0.000000e+00,0.000000e+00
2.750000e+01,0.000000e+00,0.000000e+00,0.000000e+00,0.000000e+00
3.250000e+01,0.000000e+00,0.000000e+00,0.000000e+00,0.000000e+00
3.750000e+01,0.000000e+00,0.000000e+00,0.000000e+00,0.000000e+00
4.250000e+01,0.000000e+00,0.000000e+00,0.000000e+00,0.000000e+00
4.750000e+01,0.000000e+00,0.000000e+00,0.000000e+00,0.000000e+00
5.250000e+01,0.000000e+00,0.000000e+00,0.000000e+00,0.000000e+00
5.750000e+01,0.000000e+00,0.000000e+00,0.000000e+00,0.000000e+00
6.250000e+01,0.000000e+00,0.000000e+00,0.000000e+00,0.000000e+00
6.750000e+01,0.000000e+00,0.000000e+00,0.000000e+00,0.000000e+00
7.250000e+01,0.000000e+00,0.000000e+00,0.000000e+00,0.000000e+00
7.750000e+01,0.000000e+00,0.000000e+00,0.000000e+00,0.000000e+00
8.250000e+01,0.000000e+00,0.000000e+00,0.000000e+00,0.000000e+00
8.750000e+01,0.000000e+00,0.000000e+00,0.000000e+00,0.000000e+00
9.250000e+01,0.000000e+00,0.000000e+00,0.000000e+00,0.000000e+00
9.750000e+01,0.000000e+00,0.000000e+00,0.000000e+00,0.000000e+00
1.025000e+02,0.000000e+00,0.000000e+00,0.000000e+00,0.000000e+00
1.075000e+02,0.000000e+00,0.000000e+00,0.000000e+00,0.000000e+00
1.125000e+02,0.000000e+00,0.000000e+00,0.000000e+00,0.000000e+00
1.175000e+02,0.000000e+00,0.000000e+00,0.000000e+00,0.000000e+00
1.225000e+02,1.880000e+02,1.390882e+01,1.390882e+01,1.740912e+02
1.275000e+02,1.680000e+02,1.409678e+01,1.409678e+01,1.539032e+02
1.325000e+02,1.360000e+02,1.428473e+01,1.428473e+01,1.217153e+02
1.375000e+02,1.470000e+02,1.447269e+01,1.447269e+01,1.325273e+02
1.425000e+02,1.430000e+02,1.466065e+01,1.466065e+01,1.283394e+02
1.475000e+02,1.270000e+02,1.484860e+01,1.484860e+01,1.121514e+02
1.525000e+02,1.320000e+02,1.503656e+01,1.503656e+01,1.169634e+02
1.575000e+02,1.340000e+02,1.522452e+01,1.522512e+01,1.187749e+02
1.625000e+02,1.150000e+02,1.541247e+01,1.541379e+01,9.958621e+01
1.675000e+02,1.150000e+02,1.560043e+01,1.560289e+01,9.939711e+01
1.725000e+02,1.400000e+02,1.578839e+01,1.583863e+01,1.241614e+02
1.775000e+02,1.420000e+02,1.597635e+01,1.607280e+01,1.259272e+02
1.825000e+02,1.440000e+02,1.616430e+01,1.636349e+01,1.276365e+02
1.875000e+02,1.530000e+02,1.635226e+01,1.671619e+01,1.362838e+02
1.925000e+02,1.630000e+02,1.654022e+01,1.718717e+01,1.458128e+02
1.975000e+02,1.680000e+02,1.672818e+01,1.784719e+01,1.501528e+02
2.025000e+02,1.760000e+02,1.691613e+01,1.879930e+01,1.572007e+02
2.075000e+02,1.730000e+02,1.710409e+01,2.018798e+01,1.528120e+02
2.125000e+02,1.510000e+02,1.729205e+01,2.220478e+01,1.287952e+02
2.175000e+02,1.540000e+02,1.748001e+01,2.509409e+01,1.289059e+02
2.225000e+02,1.420000e+02,1.766796e+01,2.914891e+01,1.128511e+02
2.275000e+02,1.520000e+02,1.785592e+01,3.469833e+01,1.173017e+02
2.325000e+02,1.500000e+02,1.804388e+01,4.208117e+01,1.079188e+02
2.375000e+02,1.600000e+02,1.823184e+01,5.160705e+01,1.083929e+02
2.425000e+02,1.750000e+02,1.841980e+01,6.350346e+01,1.114965e+02
2.475000e+02,1.590000e+02,1.860775e+01,7.785539e+01,8.114461e+01
2.525000e+02,1.560000e+02,1.879571e+01,9.454549e+01,6.145451e+01
2.575000e+02,1.750000e+02,1.898367e+01,1.132058e+02,6.179424e+01
2.625000e+02,1.580000e+02,1.917163e+01,1.331938e+02,2.480624e+01
2.675000e+02,1.850000e+02,1.935958e+01,1.536039e+02,3.139615e+01
2.725000e+02,1.660000e+02,1.954754e+01,1.733202e+02,-7.320190e+00
2.775000e+02,1.770000e+02,1.973550e+01,1.911104e+02,-1.411038e+01
2.825000e+02,1.640000e+02,1.992346e+01,2.057510e+02,-4.175098e+01
2.875000e+02,1.720000e+02,2.011142e+01,2.161670e+02,-4.416704e+01
2.925000e+02,1.610000e+02,2.029937e+01,2.215649e+02,-6.056488e+01
2.975000e+02,1.780000e+02,2.048733e+01,2.215341e+02,-4.353415e+01
3.025000e+02,1.670000e+02,2.067529e+01,2.161016e+02,-4.910162e+01
3.075000e+02,1.590000e+02,2.086325e+01,2.057269e+02,-4.672690e+01
3.125000e+02,1.590000e+02,2.105120e+01,1.912404e+02,-3.224040e+01
3.175000e+02,1.560000e+02,2.123916e+01,1.737358e+02,-1.773579e+01
3.225000e+02,1.430000e+02,2.142712e+01,1.544357e+02,-1.143573e+01
3.275000e+02,1.630000e+02,2.161508e+01,1.345540e+02,2.844600e+01
3.325000e+02,1.480000e+02,2.180304e+01,1.151751e+02,3.282486e+01
3.375000e+02,1.270000e+02,2.199099e+01,9.716727e+01,2.983273e+01
3.425000e+02,1.490000e+02,2.217895e+01,8.113578e+01,6.786422e+01
3.475000e+02,1.550000e+02,2.236691e+01,6.741746e+01,8.758254e+01
3.525000e+02,1.530000e+02,2.255487e+01,5.610785e+01,9.689215e+01
3.575000e+02,1.700000e+02,2.274282e+01,4.711060e+01,1.228894e+02
3.625000e+02,1.670000e+02,2.293078e+01,4.019659e+01,1.268034e+02
3.675000e+02,1.550000e+02,2.311874e+01,3.506216e+01,1.199378e+02
3.725000e+02,1.620000e+02,2.330670e+01,3.137883e+01,1.306212e+02
3.775000e+02,1.510000e+02,2.349466e+01,2.908692e+01,1.219131e+02
3.825000e+02,1.720000e+02,2.368261e+01,2.765494e+01,1.443451e+02
3.875000e+02,1.710000e+02,2.387057e+01,2.700307e+01,1.439969e+02
3.925000e+02,1.510000e+02,2.405853e+01,2.708730e+01,1.239127e+02
3.975000e+02,1.620000e+02,2.424649e+01,2.795084e+01,1.340492e+02
4.025000e+02,1.790000e+02,2.443444e+01,2.975793e+01,1.492421e+02
4.075000e+02,1.360000e+02,2.462240e+01,3.281582e+01,1.031842e+02
4.125000e+02,1.580000e+02,2.481036e+01,3.754690e+01,1.204531e+02
4.175000e+02,1.570000e+02,2.499832e+01,4.469835e+01,1.123017e+02
4.225000e+02,1.810000e+02,2.518628e+01,5.499347e+01,1.260065e+02
4.275000e+02,1.810000e+02,2.537423e+01,6.944728e+01,1.115527e+02
4.325000e+02,1.770000e+02,2.556219e+01,8.911839e+01,8.788161e+01
4.375000e+02,1.820000e+02,2.575015e+01,1.151195e+02,6.688052e+01
4.425000e+02,2.180000e+02,2.593811e+01,1.484646e+02,6.953537e+01
4.475000e+02,2.160000e+02,2.612606e+01,1.902691e+02,2.573093e+01
4.525000e+02,2.760000e+02,2.631402e+01,2.404679e+02,3.553214e+01
4.575000e+02,3.040000e+02,2.650198e+01,2.989880e+02,5.012024e+00
4.625000e+02,3.540000e+02,2.668994e+01,3.649140e+02,-1.091400e+01
4.675000e+02,4.080000e+02,2.687790e+01,4.365255e+02,-2.852548e+01
4.725000e+02,4.790000e+02,2.706585e+01,5.113579e+02,-3.235788e+01
4.775000e+02,5.720000e+02,2.725381e+01,5.863632e+02,-1.436316e+01
4.825000e+02,6.670000e+02,2.744177e+01,6.581927e+02,8.807251e+00
4.875000e+02,7.680000e+02,2.762973e+01,7.238540e+02,4.414600e+01
4.925000e+02,9.810000e+02,2.781768e+01,7.802615e+02,2.007385e+02
4.975000e+02,1.152000e+03,2.800564e+01,8.258195e+02,3.261805e+02
5.025000e+02,1.248000e+03,2.819360e+01,8.599425e+02,3.880575e+02
5.075000e+02,1.362000e+03,2.838156e+01,8.835475e+02,4.784525e+02
5.125000e+02,1.427000e+03,2.856952e+01,8.989061e+02,5.280939e+02
5.175000e+02,1.496000e+03,2.875747e+01,9.094149e+02,5.865851e+02
5.225000e+02,1.524000e+03,2.894543e+01,9.191606e+02,6.048394e+02
5.275000e+02,1.448000e+03,2.913339e+01,9.323541e+02,5.156459e+02
5.325000e+02,1.393000e+03,2.932135e+01,9.527498e+02,4.402502e+02
5.375000e+02,1.304000e+03,2.950930e+01,9.831141e+02,3.208859e+02
5.425000e+02,1.180000e+03,2.969726e+01,1.024848e+03,1.551522e+02
5.475000e+02,1.118000e+03,2.988522e+01,1.077813e+03,4.018677e+01
5.525000e+02,1.049000e+03,3.007318e+01,1.140382e+03,-9.138208e+01
5.575000e+02,9.740000e+02,3.026114e+01,1.209684e+03,-2.356841e+02
5.625000e+02,9.330000e+02,3.044909e+01,1.281995e+03,-3.489948e+02
5.675000e+02,1.009000e+03,3.063705e+01,1.353187e+03,-3.441871e+02
5.725000e+02,9.910000e+02,3.082501e+01,1.419882e+03,-4.288820e+02
5.775000e+02,1.096000e+03,3.101297e+01,1.477526e+03,-3.815258e+02
5.825000e+02,1.102000e+03,3.120092e+01,1.523564e+03,-4.215641e+02
5.875000e+02,1.130000e+03,3.138888e+01,1.556030e+03,-4.260299e+02
5.925000e+02,1.213000e+03,3.157684e+01,1.573457e+03,-3.604565e+02
5.975000e+02,1.200000e+03,3.176480e+01,1.575543e+03,-3.755430e+02
6.025000e+02,1.296000e+03,3.195275e+01,1.562777e+03,-2.667769e+02
6.075000e+02,1.245000e+03,3.214071e+01,1.536563e+03,-2.915630e+02
6.125000e+02,1.258000e+03,3.232867e+01,1.499343e+03,-2.413430e+02
6.175000e+02,1.278000e+03,3.251663e+01,1.454588e+03,-1.765878e+02
6.225000e+02,1.228000e+03,3.270459e+01,1.407005e+03,-1.790045e+02
6.275000e+02,1.133000e+03,3.289254e+01,1.362283e+03,-2.292834e+02
6.325000e+02,1.095000e+03,3.308050e+01,1.327517e+03,-2.325171e+02
6.375000e+02,1.042000e+03,3.326846e+01,1.310023e+03,-2.680232e+02
6.425000e+02,9.690000e+02,3.345642e+01,1.317086e+03,-3.480859e+02
6.475000e+02,9.760000e+02,3.364437e+01,1.355368e+03,-3.793677e+02
6.525000e+02,1.078000e+03,3.383233e+01,1.429922e+03,-3.519221e+02
6.575000e+02,1.100000e+03,3.402029e+01,1.543351e+03,-4.433511e+02
6.625000e+02,1.285000e+03,3.420825e+01,1.695062e+03,-4.100623e+02
6.675000e+02,1.589000e+03,3.439621e+01,1.880825e+03,-2.918251e+02
6.725000e+02,1.875000e+03,3.458416e+01,2.092646e+03,-2.176465e+02
6.775000e+02,2.246000e+03,3.477212e+01,2.319098e+03,-7.309766e+01
6.825000e+02,2.560000e+03,3.496008e+01,2.546079e+03,1.392114e+01
6.875000e+02,2.957000e+03,3.514804e+01,2.757979e+03,1.990215e+02
6.925000e+02,3.349000e+03,3.533599e+01,2.939102e+03,4.098979e+02
6.975000e+02,3.564000e+03,3.552395e+01,3.074875e+03,4.891250e+02
7.025000e+02,3.788000e+03,3.571191e+01,3.154778e+03,6.332222e+02
7.075000e+02,3.755000e+03,3.589987e+01,3.170891e+03,5.841094e+02
7.125000e+02,3.431000e+03,3.608783e+01,3.120822e+03,3.101777e+02
7.175000e+02,3.449000e+03,3.627578e+01,3.007030e+03,4.419700e+02
7.225000e+02,3.062000e+03,3.646374e+01,2.836148e+03,2.258521e+02
7.275000e+02,2.666000e+03,3.665170e+01,2.618807e+03,4.719312e+01
7.325000e+02,2.309000e+03,3.683966e+01,2.367997e+03,-5.899731e+01
7.375000e+02,1.885000e+03,3.702761e+01,2.097712e+03,-2.127119e+02
7.425000e+02,1.551000e+03,3.721557e+01,1.821466e+03,-2.704658e+02
7.475000e+02,1.236000e+03,3.740353e+01,1.552395e+03,-3.163947e+02
7.525000e+02,1.046000e+03,3.759149e+01,1.300253e+03,-2.542529e+02
7.575000e+02,7.230000e+02,3.777945e+01,1.072640e+03,-3.496400e+02
7.625000e+02,5.960000e+02,3.796740e+01,8.746355e+02,-2.786355e+02
7.675000e+02,4.740000e+02,3.815536e+01,7.085990e+02,-2.345990e+02
7.725000e+02,3.910000e+02,3.834332e+01,5.749108e+02,-1.839108e+02
7.775000e+02,3.100000e+02,3.853128e+01,4.723886e+02,-1.623886e+02
7.825000e+02,3.050000e+02,3.871923e+01,3.988033e+02,-9.380334e+01
7.875000e+02,2.860000e+02,3.890719e+01,3.513400e+02,-6.533997e+01
7.925000e+02,2.710000e+02,3.909515e+01,3.269159e+02,-5.591592e+01
7.975000e+02,2.640000e+02,3.928311e+01,3.223999e+02,-5.839993e+01
8.025000e+02,3.230000e+02,3.947107e+01,3.346985e+02,-1.169846e+01
8.075000e+02,3.060000e+02,3.965902e+01,3.607456e+02,-5.474557e+01
8.125000e+02,3.790000e+02,3.984698e+01,3.974623e+02,-1.846231e+01
8.175000e+02,3.850000e+02,4.003494e+01,4.416915e+02,-5.669150e+01
8.225000e+02,4.940000e+02,4.022290e+01,4.901675e+02,3.832489e+00
8.275000e+02,5.230000e+02,4.041085e+01,5.395389e+02,-1.653894e+01
8.325000e+02,5.600000e+02,4.059881e+01,5.852822e+02,-2.528217e+01
8.375000e+02,6.490000e+02,4.078677e+01,6.270788e+02,2.192120e+01
8.425000e+02,6.740000e+02,4.097473e+01,6.601094e+02,1.389056e+01
8.475000e+02,7.220000e+02,4.116269e+01,6.819829e+02,4.001709e+01
8.525000e+02,7.390000e+02,4.135064e+01,6.915385e+02,4.746149e+01
8.575000e+02,7.570000e+02,4.153860e+01,6.877701e+02,6.922986e+01
8.625000e+02,6.900000e+02,4.172656e+01,6.708372e+02,1.916278e+01
8.675000e+02,6.800000e+02,4.191452e+01,6.417488e+02,3.825122e+01
8.725000e+02,6.420000e+02,4.210247e+01,6.022158e+02,3.978418e+01
8.775000e+02,5.450000e+02,4.229043e+01,5.546330e+02,-9.632996e+00
8.825000e+02,4.820000e+02,4.247839e+01,5.015677e+02,-1.956775e+01
8.875000e+02,3.940000e+02,4.266635e+01,4.457354e+02,-5.173535e+01
8.925000e+02,3.460000e+02,4.285431e+01,3.896995e+02,-4.369949e+01
8.975000e+02,3.470000e+02,4.304226e+01,3.357063e+02,1.129367e+01
9.025000e+02,2.950000e+02,4.323022e+01,2.855218e+02,9.478241e+00
9.075000e+02,2.950000e+02,4.341818e+01,2.403934e+02,5.460663e+01
9.125000e+02,2.120000e+02,4.360614e+01,2.010394e+02,1.096060e+01
9.175000e+02,2.440000e+02,4.379409e+01,1.676970e+02,7.630298e+01
9.225000e+02,2.090000e+02,4.398205e+01,1.401958e+02,6.880421e+01
9.275000e+02,2.080000e+02,4.417001e+01,1.181059e+02,8.989413e+01
9.325000e+02,2.270000e+02,4.435797e+01,1.007672e+02,1.262328e+02
9.375000e+02,2.140000e+02,4.454593e+01,8.744623e+01,1.265538e+02
9.425000e+02,1.910000e+02,4.473388e+01,7.739844e+01,1.136016e+02
9.475000e+02,1.700000e+02,4.492184e+01,6.992702e+01,1.000730e+02
9.525000e+02,1.780000e+02,4.510980e+01,6.442062e+01,1.135794e+02
9.575000e+02,1.470000e+02,4.529776e+01,6.037151e+01,8.662849e+01
9.625000e+02,1.220000e+02,4.548571e+01,5.737853e+01,6.462147e+01
9.675000e+02,1.300000e+02,4.567367e+01,5.513913e+01,7.486087e+01
9.725000e+02,1.040000e+02,4.586163e+01,5.343504e+01,5.056496e+01
9.775000e+02,9.700000e+01,4.604959e+01,5.211531e+01,4.488469e+01
9.825000e+02,7.900000e+01,4.623755e+01,5.107930e+01,2.792070e+01
9.875000e+02,9.800000e+01,4.642550e+01,5.012643e+01,4.787357e+01
9.925000e+02,8.000000e+01,4.661346e+01,4.954708e+01,3.045292e+01
9.975000e+02,7.100000e+01,4.680142e+01,4.908730e+01,2.191270e+01
1.002500e+03,4.900000e+01,4.698938e+01,4.869698e+01,3.030243e-01
1.007500e+03,6.800000e+01,4.717733e+01,4.846751e+01,1.953249e+01
1.012500e+03,7.800000e+01,4.736529e+01,4.831929e+01,2.968071e+01
1.017500e+03,5.700000e+01,4.755325e+01,4.824362e+01,8.756382e+00
1.022500e+03,6.700000e+01,4.774121e+01,4.823014e+01,1.876986e+01
1.027500e+03,5.400000e+01,4.792916e+01,4.826805e+01,5.731945e+00
1.032500e+03,6.400000e+01,4.811712e+01,4.834700e+01,1.565300e+01
1.037500e+03,6.900000e+01,4.830508e+01,4.845769e+01,2.054231e+01
1.042500e+03,7.100000e+01,4.849304e+01,4.859219e+01,2.240781e+01
1.047500e+03,6.100000e+01,4.868100e+01,4.874404e+01,1.225596e+01
1.052500e+03,6.100000e+01,4.886895e+01,4.890818e+01,1.209182e+01
1.057500e+03,7.600000e+01,4.905691e+01,4.908080e+01,2.691920e+01
1.062500e+03,6.300000e+01,4.924487e+01,4.925911e+01,1.374089e+01
1.067500e+03,6.900000e+01,4.943283e+01,4.944113e+01,1.955887e+01
1.072500e+03,8.100000e+01,4.962078e+01,4.962553e+01,3.137447e+01
1.077500e+03,8.700000e+01,4.980874e+01,4.980874e+01,3.719126e+01
1.082500e+03,7.900000e+01,4.999670e+01,4.999670e+01,2.900330e+01
1.087500e+03,8.000000e+01,5.018466e+01,5.018466e+01,2.981534e+01
1.092500e+03,7.800000e+01,5.037262e+01,5.037262e+01,2.762738e+01
1.097500e+03,1.030000e+02,5.056057e+01,5.056057e+01,5.243943e+01
1.102500e+03,8.700000e+01,5.074853e+01,5.074853e+01,3.625147e+01
1.107500e+03,7.900000e+01,5.093649e+01,5.093649e+01,2.806351e+01
1.112500e+03,6.300000e+01,5.112445e+01,5.112445e+01,1.187555e+01
1.117500e+03,7.500000e+01,5.131240e+01,5.131240e+01,2.368760e+01
1.122500e+03,9.200000e+01,5.150036e+01,5.150036e+01,4.049964e+01
1.127500e+03,8.000000e+01,5.168832e+01,5.168832e+01,2.831168e+01
1.132500e+03,7.400000e+01,5.187628e+01,5.187628e+01,2.212372e+01
1.137500e+03,6.600000e+01,5.206424e+01,5.206424e+01,1.393576e+01
1.142500e+03,7.300000e+01,5.225219e+01,5.225219e+01,2.074781e+01
1.147500e+03,6.900000e+01,5.244015e+01,5.244015e+01,1.655985e+01
1.152500e+03,7.600000e+01,5.262811e+01,5.262811e+01,2.337189e+01
1.157500e+03,5.300000e+01,5.281607e+01,5.281607e+01,1.839333e-01
1.162500e+03,5.900000e+01,5.300402e+01,5.300402e+01,5.995975e+00
1.167500e+03,6.400000e+01,5.319198e+01,5.319198e+01,1.080802e+01
1.172500e+03,5.900000e+01,5.337983e+01,5.337983e+01,5.620171e+00
1.177500e+03,4.200000e+01,5.329411e+01,5.329411e+01,-1.129411e+01
1.182500e+03,5.000000e+01,5.320764e+01,5.320764e+01,-3.207642e+00
1.187500e+03,4.500000e+01,5.312042e+01,5.312042e+01,-8.120422e+00
1.192500e+03,4.800000e+01,5.303246e+01,5.303246e+01,-5.032455e+00
1.197500e+03,6.100000e+01,5.294373e+01,5.294373e+01,8.056267e+00
1.202500e+03,6.800000e+01,5.285427e+01,5.285427e+01,1.514573e+01
1.207500e+03,5.500000e+01,5.276405e+01,5.276405e+01,2.235947e+00
1.212500e+03,5.400000e+01,5.267309e+01,5.267309e+01,1.326912e+00
1.217500e+03,5.900000e+01,5.258137e+01,5.258137e+01,6.418629e+00
1.222500e+03,6.100000e+01,5.248890e+01,5.248890e+01,8.511097e+00
1.227500e+03,4.300000e+01,5.239569e+01,5.239569e+01,-9.395687e+00
1.232500e+03,4.700000e+01,5.230172e+01,5.230172e+01,-5.301723e+00
1.237500e+03,6.000000e+01,5.220701e+01,5.220701e+01,7.792988e+00
1.242500e+03,4.400000e+01,5.211155e+01,5.211155e+01,-8.111546e+00
1.247500e+03,6.100000e+01,5.201534e+01,5.201534e+01,8.984661e+00
1.252500e+03,4.200000e+01,5.191837e+01,5.191837e+01,-9.918373e+00
1.257500e+03,4.500000e+01,5.182066e+01,5.182066e+01,-6.820660e+00
1.262500e+03,6.500000e+01,5.172219e+01,5.172219e+01,1.327781e+01
1.267500e+03,4.600000e+01,5.162299e+01,5.162299e+01,-5.622993e+00
1.272500e+03,5.200000e+01,5.152303e+01,5.152303e+01,4.769745e-01
1.277500e+03,6.500000e+01,5.142233e+01,5.142233e+01,1.357767e+01
1.282500e+03,5.900000e+01,5.132085e+01,5.132085e+01,7.679146e+00
1.287500e+03,5.000000e+01,5.121865e+01,5.121865e+01,-1.218655e+00
1.292500e+03,4.600000e+01,5.111569e+01,5.111569e+01,-5.115692e+00
1.297500e+03,5.300000e+01,5.101199e+01,5.101199e+01,1.988010e+00
1.302500e+03,4.500000e+01,5.090753e+01,5.090753e+01,-5.907532e+00
1.307500e+03,5.100000e+01,5.080232e+01,5.080232e+01,1.976776e-01
1.312500e+03,4.900000e+01,5.069637e+01,5.069637e+01,-1.696369e+00
1.317500e+03,5.800000e+01,5.058966e+01,5.058966e+01,7.410336e+00
1.322500e+03,3.500000e+01,5.048220e+01,5.048220e+01,-1.548220e+01
1.327500e+03,4.900000e+01,5.037400e+01,5.037400e+01,-1.374001e+00
1.332500e+03,5.400000e+01,5.026505e+01,5.026505e+01,3.734951e+00
1.337500e+03,3.800000e+01,5.015535e+01,5.015535e+01,-1.215535e+01
1.342500e+03,4.900000e+01,5.004489e+01,5.004489e+01,-1.044888e+00
1.347500e+03,4.600000e+01,4.993369e+01,4.993369e+01,-3.933685e+00
1.352500e+03,4.700000e+01,4.982174e+01,4.982174e+01,-2.821735e+00
1.357500e+03,4.400000e+01,4.970903e+01,4.970903e+01,-5.709030e+00
1.362500e+03,4.800000e+01,4.959559e+01,4.959559e+01,-1.595589e+00
1.367500e+03,4.000000e+01,4.948138e+01,4.948138e+01,-9.481380e+00
1.372500e+03,5.700000e+01,4.936644e+01,4.936644e+01,7.633560e+00
1.377500e+03,5.200000e+01,4.925073e+01,4.925073e+01,2.749271e+00
1.382500e+03,5.400000e+01,4.913429e+01,4.913429e+01,4.865711e+00
1.387500e+03,5.200000e+01,4.901708e+01,4.901708e+01,2.982918e+00
1.392500e+03,4.700000e+01,4.889914e+01,4.889914e+01,-1.899143e+00
1.397500e+03,4.800000e+01,4.878044e+01,4.878044e+01,-7.804413e-01
1.402500e+03,4.600000e+01,4.866099e+01,4.866099e+01,-2.660992e+00
1.407500e+03,3.700000e+01,4.854079e+01,4.854079e+01,-1.154079e+01
1.412500e+03,4.900000e+01,4.841985e+01,4.841985e+01,5.801468e-01
1.417500e+03,4.200000e+01,4.829816e+01,4.829816e+01,-6.298157e+00
1.422500e+03,5.000000e+01,4.817571e+01,4.817571e+01,1.824291e+00
1.427500e+03,4.700000e+01,4.805252e+01,4.805252e+01,-1.052517e+00
1.432500e+03,4.800000e+01,4.792857e+01,4.792857e+01,7.142639e-02
1.437500e+03,4.000000e+01,4.780388e+01,4.780388e+01,-7.803879e+00
1.442500e+03,5.000000e+01,4.767843e+01,4.767843e+01,2.321568e+00
1.447500e+03,6.200000e+01,4.755224e+01,4.755224e+01,1.444776e+01
1.452500e+03,5.400000e+01,4.742530e+01,4.742530e+01,6.574699e+00
1.457500e+03,4.900000e+01,4.729762e+01,4.729762e+01,1.702385e+00
1.462500e+03,6.800000e+01,4.716917e+01,4.716917e+01,2.083083e+01
1.467500e+03,4.800000e+01,4.703998e+01,4.703998e+01,9.600220e-01
1.472500e+03,5.200000e+01,4.691004e+01,4.691004e+01,5.089962e+00
1.477500e+03,4.700000e+01,4.677935e+01,4.677935e+01,2.206497e-01
1.482500e+03,5.200000e+01,4.664791e+01,4.664791e+01,5.352093e+00
1.487500e+03,4.700000e+01,4.651573e+01,4.651573e+01,4.842720e-01
1.492500e+03,4.700000e+01,4.638278e+01,4.638278e+01,6.172180e-01
1.497500e+03,4.300000e+01,4.624910e+01,4.624910e+01,-3.249100e+00
1.502500e+03,4.200000e+01,4.611465e+01,4.611465e+01,-4.114655e+00
1.507500e+03,5.200000e+01,4.597948e+01,4.597948e+01,6.020519e+00
1.512500e+03,4.400000e+01,4.584354e+01,4.584354e+01,-1.843536e+00
1.517500e+03,4.100000e+01,4.570685e+01,4.570685e+01,-4.706852e+00
1.522500e+03,4.100000e+01,4.556942e+01,4.556942e+01,-4.569420e+00
1.527500e+03,5.700000e+01,4.543124e+01,4.543124e+01,1.156876e+01
1.532500e+03,4.700000e+01,4.529230e+01,4.529230e+01,1.707703e+00
1.537500e+03,3.900000e+01,4.515262e+01,4.515262e+01,-6.152618e+00
1.542500e+03,4.000000e+01,4.501219e+01,4.501219e+01,-5.012188e+00
1.547500e+03,3.800000e+01,4.487100e+01,4.487100e+01,-6.871002e+00
1.552500e+03,3.300000e+01,4.472907e+01,4.472907e+01,-1.172907e+01
1.557500e+03,4.800000e+01,4.458639e+01,4.458639e+01,3.413612e+00
1.562500e+03,4.400000e+01,4.444296e+01,4.444296e+01,-4.429550e-01
1.567500e+03,4.400000e+01,4.429878e+01,4.429878e+01,-2.987785e-01
1.572500e+03,4.500000e+01,4.415385e+01,4.415385e+01,8.461494e-01
1.577500e+03,4.900000e+01,4.400817e+01,4.400817e+01,4.991833e+00
1.582500e+03,3.700000e+01,4.386175e+01,4.386175e+01,-6.861748e+00
1.587500e+03,5.100000e+01,4.371456e+01,4.371456e+01,7.285439e+00
1.592500e+03,5.300000e+01,4.356664e+01,4.356664e+01,9.433357e+00
1.597500e+03,4.200000e+01,4.341795e+01,4.341795e+01,-1.417953e+00
1.602500e+03,4.300000e+01,4.326854e+01,4.326854e+01,-2.685356e-01
1.607500e+03,3.900000e+01,4.311835e+01,4.311835e+01,-4.118351e+00
1.612500e+03,4.600000e+01,4.296743e+01,4.296743e+01,3.032566e+00
1.617500e+03,5.200000e+01,4.281576e+01,4.281576e+01,9.184242e+00
1.622500e+03,3.600000e+01,4.266333e+01,4.266333e+01,-6.663334e+00
1.627500e+03,3.400000e+01,4.251015e+01,4.251015e+01,-8.510151e+00
1.632500e+03,4.900000e+01,4.235624e+01,4.235624e+01,6.643764e+00
1.637500e+03,4.500000e+01,4.229159e+01,4.229159e+01,2.708408e+00
1.642500e+03,5.100000e+01,4.222695e+01,4.222695e+01,8.773052e+00
1.647500e+03,4.400000e+01,4.216230e+01,4.216230e+01,1.837696e+00
1.652500e+03,3.700000e+01,4.209766e+01,4.209766e+01,-5.097660e+00
1.657500e+03,4.900000e+01,4.203302e+01,4.203302e+01,6.966984e+00
1.662500e+03,5.500000e+01,4.196837e+01,4.196837e+01,1.303163e+01
1.667500e+03,5.400000e+01,4.190373e+01,4.190582e+01,1.209418e+01
1.672500e+03,4.900000e+01,4.183908e+01,4.184253e+01,7.157475e+00
1.677500e+03,5.300000e+01,4.177444e+01,4.178000e+01,1.122000e+01
1.682500e+03,8.400000e+01,4.170980e+01,4.171864e+01,4.228136e+01
1.687500e+03,7.300000e+01,4.164515e+01,4.165899e+01,3.134101e+01
1.692500e+03,7.100000e+01,4.158051e+01,4.160180e+01,2.939820e+01
1.697500e+03,9.900000e+01,4.151587e+01,4.154809e+01,5.745191e+01
1.702500e+03,1.140000e+02,4.145122e+01,4.149921e+01,7.250079e+01
1.707500e+03,1.220000e+02,4.138658e+01,4.145689e+01,8.054311e+01
1.712500e+03,1.440000e+02,4.132193e+01,4.142328e+01,1.025767e+02
1.717500e+03,1.690000e+02,4.125729e+01,4.140099e+01,1.275990e+02
1.722500e+03,1.640000e+02,4.119265e+01,4.139310e+01,1.226069e+02
1.727500e+03,1.750000e+02,4.112800e+01,4.140308e+01,1.335969e+02
1.732500e+03,1.980000e+02,4.106336e+01,4.143472e+01,1.565653e+02
1.737500e+03,1.710000e+02,4.099871e+01,4.149192e+01,1.295081e+02
1.742500e+03,1.990000e+02,4.093407e+01,4.157846e+01,1.574215e+02
1.747500e+03,2.050000e+02,4.086943e+01,4.169768e+01,1.633023e+02
1.752500e+03,1.900000e+02,4.080478e+01,4.185209e+01,1.481479e+02
1.757500e+03,2.090000e+02,4.074014e+01,4.204294e+01,1.669571e+02
1.762500e+03,2.010000e+02,4.067550e+01,4.226981e+01,1.587302e+02
1.767500e+03,1.830000e+02,4.061085e+01,4.253024e+01,1.404698e+02
1.772500e+03,1.900000e+02,4.054621e+01,4.281945e+01,1.471805e+02
1.777500e+03,1.300000e+02,4.048156e+01,4.313020e+01,8.686980e+01
1.782500e+03,1.470000e+02,4.041692e+01,4.345285e+01,1.035471e+02
1.787500e+03,1.260000e+02,4.035228e+01,4.377566e+01,8.222434e+01
1.792500e+03,1.160000e+02,4.028763e+01,4.408525e+01,7.191475e+01
1.797500e+03,9.700000e+01,4.022299e+01,4.436738e+01,5.263262e+01
1.802500e+03,8.700000e+01,4.015834e+01,4.460777e+01,4.239223e+01
1.807500e+03,9.000000e+01,4.009370e+01,4.479308e+01,4.520692e+01
1.812500e+03,7.900000e+01,4.002906e+01,4.491187e+01,3.408813e+01
1.817500e+03,8.900000e+01,3.996441e+01,4.495547e+01,4.404453e+01
1.822500e+03,5.800000e+01,3.989977e+01,4.491868e+01,1.308132e+01
1.827500e+03,6.800000e+01,3.983512e+01,4.480012e+01,2.319988e+01
1.832500e+03,5.200000e+01,3.977048e+01,4.460242e+01,7.397575e+00
1.837500e+03,6.400000e+01,3.970584e+01,4.433197e+01,1.966803e+01
1.842500e+03,5.100000e+01,3.964119e+01,4.399839e+01,7.001606e+00
1.847500e+03,6.000000e+01,3.957655e+01,4.361385e+01,1.638615e+01
1.852500e+03,5.600000e+01,3.951191e+01,4.319207e+01,1.280793e+01
1.857500e+03,4.500000e+01,3.944726e+01,4.274743e+01,2.252571e+00
1.862500e+03,7.100000e+01,3.938262e+01,4.229400e+01,2.870600e+01
1.867500e+03,4.700000e+01,3.931797e+01,4.184468e+01,5.155315e+00
1.872500e+03,4.700000e+01,3.925333e+01,4.141060e+01,5.589397e+00
1.877500e+03,5.600000e+01,3.918869e+01,4.100064e+01,1.499936e+01
1.882500e+03,5.500000e+01,3.912404e+01,4.062126e+01,1.437874e+01
1.887500e+03,6.600000e+01,3.905940e+01,4.027646e+01,2.572354e+01
1.892500e+03,5.800000e+01,3.899475e+01,3.996803e+01,1.803197e+01
1.897500e+03,4.600000e+01,3.893011e+01,3.969580e+01,6.304199e+00
1.902500e+03,6.300000e+01,3.886547e+01,3.945807e+01,2.354193e+01
1.907500e+03,3.300000e+01,3.880082e+01,3.925202e+01,-6.252018e+00
1.912500e+03,5.100000e+01,3.873618e+01,3.907413e+01,1.192587e+01
1.917500e+03,4.400000e+01,3.867154e+01,3.892056e+01,5.079437e+00
1.922500e+03,4.500000e+01,3.860693e+01,3.878746e+01,6.212543e+00
1.927500e+03,3.700000e+01,3.939844e+01,3.952718e+01,-2.527176e+00
1.932500e+03,4.400000e+01,4.015820e+01,4.024852e+01,3.751476e+00
1.937500e+03,3.400000e+01,4.088574e+01,4.094808e+01,-6.948078e+00
1.942500e+03,4.400000e+01,4.158105e+01,4.162338e+01,2.376621e+00
1.947500e+03,3.500000e+01,4.224463e+01,4.227290e+01,-7.272900e+00
1.952500e+03,5.800000e+01,4.287549e+01,4.289407e+01,1.510593e+01
1.957500e+03,4.100000e+01,4.347461e+01,4.348662e+01,-2.486618e+00
1.962500e+03,3.300000e+01,4.404150e+01,4.404914e+01,-1.104914e+01
1.967500e+03,4.300000e+01,4.457764e+01,4.458242e+01,-1.582417e+00
1.972500e+03,3.800000e+01,4.508008e+01,4.508302e+01,-7.083019e+00
1.977500e+03,4.400000e+01,4.555127e+01,4.555127e+01,-1.551270e+00
1.982500e+03,4.100000e+01,4.599023e+01,4.599023e+01,-4.990234e+00
1.987500e+03,5.100000e+01,4.639697e+01,4.639697e+01,4.603027e+00
1.992500e+03,4.800000e+01,4.677197e+01,4.677197e+01,1.228027e+00
1.997500e+03,5.600000e+01,4.711523e+01,4.711523e+01,8.884766e+00
2.002500e+03,3.700000e+01,4.742578e+01,4.742578e+01,-1.042578e+01
2.007500e+03,4.800000e+01,4.770459e+01,4.770484e+01,2.951622e-01
2.012500e+03,4.600000e+01,4.795117e+01,4.795158e+01,-1.951576e+00
2.017500e+03,4.900000e+01,4.816602e+01,4.816666e+01,8.333359e-01
2.022500e+03,4.700000e+01,4.834814e+01,4.834917e+01,-1.349171e+00
2.027500e+03,4.600000e+01,4.849854e+01,4.850013e+01,-2.500130e+00
2.032500e+03,4.100000e+01,4.861719e+01,4.861963e+01,-7.619629e+00
2.037500e+03,5.600000e+01,4.870410e+01,4.870779e+01,7.292213e+00
2.042500e+03,6.700000e+01,4.875830e+01,4.876378e+01,1.823622e+01
2.047500e+03,6.200000e+01,4.878076e+01,4.878878e+01,1.321122e+01
2.052500e+03,4.300000e+01,4.877051e+01,4.878209e+01,-5.782085e+00
2.057500e+03,5.500000e+01,4.872900e+01,4.874546e+01,6.254536e+00
2.062500e+03,4.800000e+01,4.865527e+01,4.867833e+01,-6.783257e-01
2.067500e+03,5.300000e+01,4.854883e+01,4.858063e+01,4.419369e+00
2.072500e+03,5.900000e+01,4.841162e+01,4.845485e+01,1.054515e+01
2.077500e+03,4.800000e+01,4.824170e+01,4.829959e+01,-2.995949e-01
2.082500e+03,6.300000e+01,4.803906e+01,4.811544e+01,1.488456e+01
2.087500e+03,3.700000e+01,4.780518e+01,4.790445e+01,-1.090445e+01
2.092500e+03,2.900000e+01,4.753955e+01,4.766667e+01,-1.866667e+01
2.097500e+03,4.800000e+01,4.724072e+01,4.740109e+01,5.989113e-01
2.102500e+03,5.200000e+01,4.691064e+01,4.710995e+01,4.890049e+00
2.107500e+03,4.200000e+01,4.654834e+01,4.679237e+01,-4.792374e+00
2.112500e+03,4.600000e+01,4.615430e+01,4.644867e+01,-4.486656e-01
2.117500e+03,4.100000e+01,4.572803e+01,4.607785e+01,-5.077850e+00
2.122500e+03,3.700000e+01,4.526953e+01,4.567910e+01,-8.679096e+00
2.127500e+03,4.700000e+01,4.477881e+01,4.525121e+01,1.748791e+00
2.132500e+03,3.800000e+01,4.425635e+01,4.479315e+01,-6.793148e+00
2.137500e+03,4.600000e+01,4.370166e+01,4.430260e+01,1.697395e+00
2.142500e+03,3.800000e+01,4.311523e+01,4.377802e+01,-5.778015e+00
2.147500e+03,4.000000e+01,4.249658e+01,4.321673e+01,-3.216732e+00
2.152500e+03,3.500000e+01,4.184619e+01,4.261708e+01,-7.617077e+00
2.157500e+03,4.200000e+01,4.116309e+01,4.197606e+01,2.394485e-02
2.162500e+03,4.100000e+01,4.044824e+01,4.129288e+01,-2.928848e-01
2.167500e+03,4.200000e+01,3.970117e+01,4.056572e+01,1.434280e+00
2.172500e+03,3.100000e+01,3.892188e+01,3.979368e+01,-8.793678e+00
2.177500e+03,4.100000e+01,3.811133e+01,3.900288e+01,1.997116e+00
2.182500e+03,4.200000e+01,3.726855e+01,3.815717e+01,3.842834e+00
2.187500e+03,3.900000e+01,3.639307e+01,3.727530e+01,1.724701e+00
2.192500e+03,4.400000e+01,3.548633e+01,3.636414e+01,7.635864e+00
2.197500e+03,3.700000e+01,3.454663e+01,3.542941e+01,1.570595e+00
2.202500e+03,3.800000e+01,3.456918e+01,3.547621e+01,2.523788e+00
2.207500e+03,2.800000e+01,3.459174e+01,3.555513e+01,-7.555130e+00
2.212500e+03,4.100000e+01,3.461429e+01,3.568245e+01,5.317551e+00
2.217500e+03,5.300000e+01,3.463684e+01,3.587853e+01,1.712147e+01
2.222500e+03,4.000000e+01,3.465939e+01,3.616842e+01,3.831581e+00
2.227500e+03,4.300000e+01,3.468195e+01,3.658236e+01,6.417645e+00
2.232500e+03,5.700000e+01,3.470450e+01,3.715617e+01,1.984383e+01
2.237500e+03,5.900000e+01,3.472705e+01,3.793135e+01,2.106865e+01
2.242500e+03,6.800000e+01,3.474960e+01,3.895467e+01,2.904533e+01
2.247500e+03,7.200000e+01,3.477216e+01,4.027723e+01,3.172277e+01
2.252500e+03,8.800000e+01,3.479471e+01,4.195279e+01,4.604721e+01
2.257500e+03,8.900000e+01,3.481726e+01,4.403526e+01,4.496474e+01
2.262500e+03,9.500000e+01,3.483981e+01,4.657535e+01,4.842465e+01
2.267500e+03,1.050000e+02,3.486237e+01,4.961641e+01,5.538359e+01
2.272500e+03,9.100000e+01,3.488492e+01,5.320546e+01,3.779454e+01
2.277500e+03,1.120000e+02,3.490747e+01,5.733432e+01,5.466568e+01
2.282500e+03,1.130000e+02,3.493002e+01,6.200611e+01,5.099389e+01
2.287500e+03,1.280000e+02,3.495258e+01,6.718815e+01,6.081185e+01
2.292500e+03,1.390000e+02,3.497513e+01,7.281855e+01,6.618145e+01
2.297500e+03,1.360000e+02,3.499768e+01,7.880485e+01,5.719515e+01
2.302500e+03,1.570000e+02,3.502023e+01,8.502473e+01,7.197527e+01
2.307500e+03,1.430000e+02,3.504279e+01,9.132938e+01,5.167062e+01
2.312500e+03,1.410000e+02,3.506534e+01,9.754934e+01,4.345066e+01
2.317500e+03,1.150000e+02,3.508789e+01,1.035029e+02,1.149712e+01
2.322500e+03,1.220000e+02,3.511044e+01,1.090064e+02,1.299364e+01
2.327500e+03,1.280000e+02,3.513300e+01,1.138858e+02,1.411416e+01
2.332500e+03,1.310000e+02,3.515555e+01,1.179891e+02,1.301090e+01
2.337500e+03,1.350000e+02,3.517810e+01,1.211964e+02,1.380356e+01
2.342500e+03,1.290000e+02,3.520065e+01,1.234313e+02,5.568726e+00
2.347500e+03,1.320000e+02,3.522321e+01,1.246646e+02,7.335449e+00
2.352500e+03,1.290000e+02,3.524576e+01,1.249191e+02,4.080917e+00
2.357500e+03,1.070000e+02,3.526831e+01,1.242679e+02,-1.726790e+01
2.362500e+03,9.400000e+01,3.529086e+01,1.228288e+02,-2.882880e+01
2.367500e+03,1.090000e+02,3.531342e+01,1.207554e+02,-1.175539e+01
2.372500e+03,1.080000e+02,3.533597e+01,1.182249e+02,-1.022491e+01
2.377500e+03,1.020000e+02,3.535852e+01,1.154245e+02,-1.342450e+01
2.382500e+03,8.500000e+01,3.538107e+01,1.125365e+02,-2.753648e+01
2.387500e+03,1.090000e+02,3.540363e+01,1.097247e+02,-7.247162e-01
2.392500e+03,9.700000e+01,3.542618e+01,1.071227e+02,-1.012271e+01
2.397500e+03,9.300000e+01,3.544873e+01,1.048248e+02,-1.182483e+01
2.402500e+03,9.500000e+01,3.547128e+01,1.028812e+02,-7.881195e+00
2.407500e+03,9.300000e+01,3.549384e+01,1.012967e+02,-8.296661e+00
2.412500e+03,8.500000e+01,3.551639e+01,1.000338e+02,-1.503377e+01
2.417500e+03,1.020000e+02,3.553894e+01,9.901927e+01,2.980728e+00
2.422500e+03,1.090000e+02,3.556149e+01,9.815334e+01,1.084666e+01
2.427500e+03,8.300000e+01,3.558405e+01,9.732063e+01,-1.432063e+01
2.432500e+03,8.100000e+01,3.560660e+01,9.640192e+01,-1.540192e+01
2.437500e+03,8.800000e+01,3.562915e+01,9.528539e+01,-7.285385e+00
2.442500e+03,6.900000e+01,3.565170e+01,9.387637e+01,-2.487637e+01
2.447500e+03,7.600000e+01,3.567426e+01,9.210496e+01,-1.610496e+01
2.452500e+03,7.800000e+01,3.569681e+01,8.993083e+01,-1.193083e+01
2.457500e+03,8.100000e+01,3.571936e+01,8.734518e+01,-6.345177e+00
2.462500e+03,7.700000e+01,3.574191e+01,8.436969e+01,-7.369690e+00
2.467500e+03,7.400000e+01,3.576447e+01,8.105321e+01,-7.053207e+00
2.472500e+03,5.500000e+01,3.578702e+01,7.746622e+01,-2.246622e+01
2.477500e+03,6.600000e+01,3.580957e+01,7.369431e+01,-7.694305e+00
2.482500e+03,5.300000e+01,3.583212e+01,6.983224e+01,-1.683224e+01
2.487500e+03,6.500000e+01,3.585468e+01,6.597238e+01,-9.723816e-01
2.492500e+03,8.300000e+01,3.587723e+01,6.220455e+01,2.079545e+01
2.497500e+03,6.000000e+01,3.589978e+01,5.860727e+01,1.392735e+00
2.502500e+03,7.200000e+01,3.592233e+01,5.524498e+01,1.675502e+01
2.507500e+03,5.600000e+01,3.594489e+01,5.216601e+01,3.833988e+00
2.512500e+03,4.300000e+01,3.596744e+01,4.937175e+01,-6.371750e+00
2.517500e+03,5.700000e+01,3.598999e+01,4.694996e+01,1.005004e+01
2.522500e+03,4.200000e+01,3.601254e+01,4.485587e+01,-2.855865e+00
2.527500e+03,3.700000e+01,3.603510e+01,4.308052e+01,-6.080517e+00
2.532500e+03,5.200000e+01,3.605765e+01,4.160535e+01,1.039465e+01
2.537500e+03,4.000000e+01,3.608020e+01,4.040517e+01,-4.051743e-01
2.542500e+03,5.000000e+01,3.610275e+01,3.945098e+01,1.054902e+01
2.547500e+03,3.700000e+01,3.612531e+01,3.871228e+01,-1.712284e+00
2.552500e+03,3.800000e+01,3.614786e+01,3.815905e+01,-1.590538e-01
2.557500e+03,3.900000e+01,3.617041e+01,3.776310e+01,1.236897e+00
2.562500e+03,3.600000e+01,3.619296e+01,3.749899e+01,-1.498993e+00
2.567500e+03,3.700000e+01,3.621552e+01,3.734447e+01,-3.444710e-01
2.572500e+03,3.200000e+01,3.623807e+01,3.728055e+01,-5.280548e+00
2.577500e+03,3.600000e+01,3.626062e+01,3.729127e+01,-1.291271e+00
2.582500e+03,3.400000e+01,3.628317e+01,3.736334e+01,-3.363342e+00
2.587500e+03,3.700000e+01,3.630573e+01,3.748557e+01,-4.855728e-01
2.592500e+03,3.400000e+01,3.632828e+01,3.764835e+01,-3.648346e+00
2.597500e+03,2.300000e+01,3.635083e+01,3.784307e+01,-1.484307e+01
2.602500e+03,2.800000e+01,3.637338e+01,3.806175e+01,-1.006175e+01
2.607500e+03,3.600000e+01,3.639594e+01,3.829661e+01,-2.296608e+00
2.612500e+03,3.100000e+01,3.641849e+01,3.852344e+01,-7.523441e+00
2.617500e+03,5.500000e+01,3.644104e+01,3.877355e+01,1.622645e+01
2.622500e+03,3.400000e+01,3.646359e+01,3.901404e+01,-5.014038e+00
2.627500e+03,3.800000e+01,3.648615e+01,3.923795e+01,-1.237949e+00
2.632500e+03,3.200000e+01,3.650870e+01,3.943844e+01,-7.438438e+00
2.637500e+03,3.200000e+01,3.653125e+01,3.960913e+01,-7.609131e+00
2.642500e+03,3.900000e+01,3.655380e+01,3.974449e+01,-7.444878e-01
2.647500e+03,3.300000e+01,3.657635e+01,3.984018e+01,-6.840179e+00
2.652500e+03,3.000000e+01,3.659880e+01,3.989323e+01,-9.893230e+00
2.657500e+03,2.900000e+01,3.655433e+01,3.983561e+01,-1.083561e+01
2.662500e+03,3.900000e+01,3.650986e+01,3.973476e+01,-7.347565e-01
2.667500e+03,3.800000e+01,3.646539e+01,3.959291e+01,-1.592907e+00
2.672500e+03,3.800000e+01,3.642093e+01,3.941383e+01,-1.413834e+00
2.677500e+03,4.200000e+01,3.637647e+01,3.920263e+01,2.797371e+00
2.682500e+03,4.100000e+01,3.633201e+01,3.896538e+01,2.034622e+00
2.687500e+03,3.700000e+01,3.628756e+01,3.870879e+01,-1.708786e+00
2.692500e+03,3.200000e+01,3.624311e+01,3.843981e+01,-6.439808e+00
2.697500e+03,4.100000e+01,3.619867e+01,3.816526e+01,2.834740e+00
2.702500e+03,5.300000e+01,3.615422e+01,3.789151e+01,1.510849e+01
2.707500e+03,3.100000e+01,3.610979e+01,3.762417e+01,-6.624168e+00
2.712500e+03,3.700000e+01,3.606535e+01,3.736795e+01,-3.679466e-01
2.717500e+03,3.500000e+01,3.602092e+01,3.712651e+01,-2.126514e+00
2.722500e+03,3.400000e+01,3.597649e+01,3.690245e+01,-2.902454e+00
2.727500e+03,3.600000e+01,3.593207e+01,3.669731e+01,-6.973076e-01
2.732500e+03,3.400000e+01,3.588765e+01,3.651169e+01,-2.511688e+00
2.737500e+03,3.800000e+01,3.584323e+01,3.634539e+01,1.654610e+00
2.742500e+03,2.500000e+01,3.579882e+01,3.619754e+01,-1.119754e+01
2.747500e+03,3.500000e+01,3.575441e+01,3.606681e+01,-1.066814e+00
2.752500e+03,3.200000e+01,3.571000e+01,3.595154e+01,-3.951538e+00
2.757500e+03,2.800000e+01,3.566560e+01,3.584987e+01,-7.849869e+00
2.762500e+03,3.300000e+01,3.562120e+01,3.575992e+01,-2.759918e+00
2.767500e+03,3.000000e+01,3.557681e+01,3.567985e+01,-5.679848e+00
2.772500e+03,2.800000e+01,3.553241e+01,3.560794e+01,-7.607941e+00
2.777500e+03,4.600000e+01,3.548802e+01,3.554265e+01,1.045735e+01
2.782500e+03,3.500000e+01,3.544364e+01,3.548263e+01,-4.826279e-01
2.787500e+03,4.600000e+01,3.539926e+01,3.542672e+01,1.057328e+01
2.792500e+03,3.100000e+01,3.535488e+01,3.537396e+01,-4.373959e+00
2.797500e+03,3.600000e+01,3.531050e+01,3.532359e+01,6.764107e-01
2.802500e+03,3.600000e+01,3.526613e+01,3.527499e+01,7.250137e-01
2.807500e+03,2.600000e+01,3.522177e+01,3.522768e+01,-9.227680e+00
2.812500e+03,3.400000e+01,3.517740e+01,3.518130e+01,-1.181297e+00
2.817500e+03,2.900000e+01,3.513305e+01,3.513558e+01,-6.135578e+00
2.822500e+03,3.100000e+01,3.508869e+01,3.509031e+01,-4.090313e+00
2.827500e+03,3.300000e+01,3.504433e+01,3.504433e+01,-2.044334e+00
2.832500e+03,2.400000e+01,3.499998e+01,3.499998e+01,-1.099998e+01
2.837500e+03,2.700000e+01,3.495564e+01,3.495564e+01,-7.955639e+00
2.842500e+03,3.100000e+01,3.491130e+01,3.491130e+01,-3.911297e+00
2.847500e+03,3.300000e+01,3.486696e+01,3.486696e+01,-1.866959e+00
2.852500e+03,3.700000e+01,3.482262e+01,3.482262e+01,2.177376e+00
2.857500e+03,3.400000e+01,3.477829e+01,3.477829e+01,-7.782898e-01
2.862500e+03,4.100000e+01,3.473396e+01,3.473396e+01,6.266037e+00
2.867500e+03,3.100000e+01,3.468964e+01,3.468964e+01,-3.689640e+00
2.872500e+03,4.200000e+01,3.464532e+01,3.464532e+01,7.354683e+00
2.877500e+03,3.800000e+01,3.460100e+01,3.460100e+01,3.398998e+00
2.882500e+03,2.600000e+01,3.455669e+01,3.455669e+01,-8.556686e+00
2.887500e+03,2.500000e+01,3.451237e+01,3.451237e+01,-9.512375e+00
2.892500e+03,4.300000e+01,3.446807e+01,3.446807e+01,8.531929e+00
2.897500e+03,3.100000e+01,3.442377e+01,3.442377e+01,-3.423767e+00
2.902500e+03,3.900000e+01,3.437947e+01,3.437947e+01,4.620533e+00
2.907500e+03,2.500000e+01,3.433517e+01,3.433517e+01,-9.335171e+00
2.912500e+03,4.900000e+01,3.429088e+01,3.429088e+01,1.470912e+01
2.917500e+03,3.100000e+01,3.424659e+01,3.424659e+01,-3.246590e+00
2.922500e+03,3.700000e+01,3.420230e+01,3.420230e+01,2.797695e+00
2.927500e+03,3.300000e+01,3.415802e+01,3.415802e+01,-1.158024e+00
2.932500e+03,3.200000e+01,3.411375e+01,3.411375e+01,-2.113747e+00
2.937500e+03,4.000000e+01,3.406947e+01,3.406974e+01,5.930256e+00
2.942500e+03,4.300000e+01,3.402520e+01,3.402562e+01,8.974377e+00
2.947500e+03,3.700000e+01,3.398093e+01,3.398158e+01,3.018425e+00
2.952500e+03,3.300000e+01,3.393667e+01,3.393764e+01,-9.376373e-01
2.957500e+03,2.500000e+01,3.389241e+01,3.389384e+01,-8.893845e+00
2.962500e+03,3.500000e+01,3.384815e+01,3.385027e+01,1.149734e+00
2.967500e+03,4.100000e+01,3.380390e+01,3.380696e+01,7.193039e+00
2.972500e+03,2.800000e+01,3.375965e+01,3.376404e+01,-5.764038e+00
2.977500e+03,3.500000e+01,3.371540e+01,3.372162e+01,1.278381e+00
2.982500e+03,2.600000e+01,3.367116e+01,3.367986e+01,-7.679859e+00
2.987500e+03,3.100000e+01,3.362692e+01,3.363895e+01,-2.638947e+00
2.992500e+03,2.800000e+01,3.358268e+01,3.359911e+01,-5.599110e+00
2.997500e+03,2.400000e+01,3.353845e+01,3.356062e+01,-9.560616e+00
3.002500e+03,2.600000e+01,3.349422e+01,3.352377e+01,-7.523769e+00
3.007500e+03,4.100000e+01,3.345000e+01,3.348891e+01,7.511089e+00
3.012500e+03,3.800000e+01,3.340578e+01,3.345641e+01,4.543591e+00
3.017500e+03,4.200000e+01,3.336156e+01,3.342665e+01,8.573345e+00
3.022500e+03,3.400000e+01,3.331734e+01,3.340002e+01,5.999756e-01
3.027500e+03,3.100000e+01,3.327314e+01,3.337690e+01,-2.376896e+00
3.032500e+03,3.800000e+01,3.322893e+01,3.335757e+01,4.642426e+00
3.037500e+03,3.100000e+01,3.318473e+01,3.334232e+01,-2.342319e+00
3.042500e+03,1.900000e+01,3.314053e+01,3.333125e+01,-1.433125e+01
3.047500e+03,2.300000e+01,3.309633e+01,3.332439e+01,-1.032439e+01
3.052500e+03,3.800000e+01,3.305214e+01,3.332156e+01,4.678436e+00
3.057500e+03,3.200000e+01,3.300795e+01,3.332243e+01,-1.322426e+00
3.062500e+03,3.500000e+01,3.296376e+01,3.332642e+01,1.673584e+00
3.067500e+03,4.700000e+01,3.291958e+01,3.333277e+01,1.366723e+01
3.072500e+03,3.600000e+01,3.287540e+01,3.334051e+01,2.659489e+00
3.077500e+03,3.800000e+01,3.283123e+01,3.334850e+01,4.651501e+00
3.082500e+03,3.400000e+01,3.278705e+01,3.335543e+01,6.445732e-01
3.087500e+03,3.800000e+01,3.274289e+01,3.335992e+01,4.640083e+00
3.092500e+03,3.400000e+01,3.269872e+01,3.336053e+01,6.394730e-01
3.097500e+03,4.700000e+01,3.265456e+01,3.335588e+01,1.364412e+01
3.102500e+03,3.500000e+01,3.261040e+01,3.334466e+01,1.655342e+00
3.107500e+03,3.300000e+01,3.256625e+01,3.332576e+01,-3.257599e-01
3.112500e+03,2.900000e+01,3.252210e+01,3.329831e+01,-4.298306e+00
3.117500e+03,3.500000e+01,3.247795e+01,3.326170e+01,1.738304e+00
3.122500e+03,3.400000e+01,3.243381e+01,3.321566e+01,7.843399e-01
3.127500e+03,3.000000e+01,3.238967e+01,3.316027e+01,-3.160271e+00
3.132500e+03,3.900000e+01,3.234554e+01,3.309593e+01,5.904072e+00
3.137500e+03,3.700000e+01,3.230140e+01,3.302335e+01,3.976654e+00
3.142500e+03,3.500000e+01,3.225727e+01,3.294350e+01,2.056496e+00
3.147500e+03,2.700000e+01,3.221315e+01,3.285760e+01,-5.857605e+00
3.152500e+03,3.600000e+01,3.216903e+01,3.276698e+01,3.233017e+00
3.157500e+03,3.000000e+01,3.212491e+01,3.267306e+01,-2.673061e+00
3.162500e+03,3.700000e+01,3.208080e+01,3.257726e+01,4.422745e+00
3.167500e+03,4.000000e+01,3.203668e+01,3.248093e+01,7.519073e+00
3.172500e+03,3.500000e+01,3.199258e+01,3.238533e+01,2.614674e+00
3.177500e+03,3.100000e+01,3.194847e+01,3.229153e+01,-1.291527e+00
3.182500e+03,2.900000e+01,3.190437e+01,3.220042e+01,-3.200420e+00
3.187500e+03,4.700000e+01,3.186028e+01,3.211269e+01,1.488731e+01
3.192500e+03,2.900000e+01,3.181618e+01,3.202882e+01,-3.028816e+00
3.197500e+03,3.700000e+01,3.177209e+01,3.194906e+01,5.050940e+00
3.202500e+03,3.000000e+01,3.172801e+01,3.187352e+01,-1.873522e+00
3.207500e+03,3.100000e+01,3.168392e+01,3.180214e+01,-8.021412e-01
3.212500e+03,3.900000e+01,3.163984e+01,3.173473e+01,7.265268e+00
3.217500e+03,5.000000e+01,3.159577e+01,3.167102e+01,1.832898e+01
3.222500e+03,2.900000e+01,3.155170e+01,3.161065e+01,-2.610655e+00
3.227500e+03,3.200000e+01,3.150763e+01,3.155327e+01,4.467335e-01
3.232500e+03,2.800000e+01,3.146357e+01,3.149847e+01,-3.498468e+00
3.237500e+03,3.500000e+01,3.141950e+01,3.144588e+01,3.554123e+00
3.242500e+03,2.700000e+01,3.137545e+01,3.139513e+01,-4.395134e+00
3.247500e+03,4.500000e+01,3.133139e+01,3.134591e+01,1.365409e+01
3.252500e+03,2.900000e+01,3.128734e+01,3.129792e+01,-2.297924e+00
3.257500e+03,3.000000e+01,3.124330e+01,3.125091e+01,-1.250914e+00
3.262500e+03,2.200000e+01,3.119925e+01,3.120467e+01,-9.204670e+00
3.267500e+03,2.800000e+01,3.115521e+01,3.115902e+01,-3.159021e+00
3.272500e+03,3.300000e+01,3.111118e+01,3.111382e+01,1.886179e+00
3.277500e+03,3.400000e+01,3.106714e+01,3.106896e+01,2.931044e+00
3.282500e+03,4.000000e+01,3.102311e+01,3.102434e+01,8.975657e+00
3.287500e+03,3.200000e+01,3.097909e+01,3.097991e+01,1.020088e+00
3.292500e+03,3.600000e+01,3.093507e+01,3.093561e+01,5.064388e+00
3.297500e+03,3.600000e+01,3.089105e+01,3.089141e+01,5.108595e+00
3.302500e+03,2.800000e+01,3.084703e+01,3.084703e+01,-2.847033e+00
3.307500e+03,1.900000e+01,3.080302e+01,3.080302e+01,-1.180302e+01
3.312500e+03,3.700000e+01,3.075901e+01,3.075901e+01,6.240986e+00
3.317500e+03,3.200000e+01,3.071501e+01,3.071501e+01,1.284990e+00
3.322500e+03,3.500000e+01,3.067101e+01,3.067101e+01,4.328991e+00
3.327500e+03,2.700000e+01,3.062701e+01,3.062701e+01,-3.627012e+00
3.332500e+03,3.100000e+01,3.058302e+01,3.058302e+01,4.169807e-01
3.337500e+03,2.300000e+01,3.053903e+01,3.053903e+01,-7.539028e+00
3.342500e+03,2.900000e+01,3.049504e+01,3.049504e+01,-1.495043e+00
3.347500e+03,2.300000e+01,3.045106e+01,3.045106e+01,-7.451059e+00
3.352500e+03,3.200000e+01,3.040708e+01,3.040708e+01,1.592920e+00
3.357500e+03,3.000000e+01,3.036310e+01,3.036310e+01,-3.631039e-01
3.362500e+03,2.400000e+01,3.031913e+01,3.031913e+01,-6.319132e+00
3.367500e+03,3.500000e+01,3.027516e+01,3.027516e+01,4.724836e+00
3.372500e+03,3.100000e+01,3.023120e+01,3.023120e+01,7.688026e-01
3.377500e+03,2.000000e+01,3.018724e+01,3.018724e+01,-1.018724e+01
3.382500e+03,2.900000e+01,3.014328e+01,3.014328e+01,-1.143278e+00
3.387500e+03,3.900000e+01,3.009932e+01,3.009932e+01,8.900677e+00
3.392500e+03,2.300000e+01,3.005537e+01,3.005537e+01,-7.055374e+00
3.397500e+03,2.900000e+01,3.001143e+01,3.001143e+01,-1.011427e+00
3.402500e+03,3.000000e+01,2.996748e+01,2.996748e+01,3.251839e-02
3.407500e+03,3.500000e+01,2.992354e+01,2.992354e+01,5.076458e+00
3.412500e+03,3.100000e+01,2.987961e+01,2.987961e+01,1.120394e+00
3.417500e+03,2.500000e+01,2.983567e+01,2.983567e+01,-4.835672e+00
3.422500e+03,1.900000e+01,2.979174e+01,2.979174e+01,-1.079174e+01
3.427500e+03,2.100000e+01,2.974782e+01,2.974782e+01,-8.747818e+00
3.432500e+03,2.900000e+01,2.970390e+01,2.970390e+01,-7.038956e-01
3.437500e+03,2.900000e+01,2.965998e+01,2.965998e+01,-6.599751e-01
3.442500e+03,3.200000e+01,2.961606e+01,2.961606e+01,2.383940e+00
3.447500e+03,3.300000e+01,2.957215e+01,2.957215e+01,3.427851e+00
3.452500e+03,3.500000e+01,2.952824e+01,2.952824e+01,5.471760e+00
3.457500e+03,2.500000e+01,2.948434e+01,2.948434e+01,-4.484337e+00
3.462500e+03,3.400000e+01,2.944044e+01,2.944044e+01,4.559565e+00
3.467500e+03,4.000000e+01,2.939654e+01,2.939654e+01,1.060346e+01
3.472500e+03,3.600000e+01,2.935264e+01,2.935264e+01,6.647356e+00
3.477500e+03,2.700000e+01,2.930875e+01,2.930875e+01,-2.308754e+00
3.482500e+03,3.300000e+01,2.926487e+01,2.926670e+01,3.733299e+00
3.487500e+03,2.600000e+01,2.922098e+01,2.922374e+01,-3.223740e+00
3.492500e+03,2.700000e+01,2.917710e+01,2.918119e+01,-2.181194e+00
3.497500e+03,2.200000e+01,2.913323e+01,2.913924e+01,-7.139238e+00
3.502500e+03,2.400000e+01,2.908936e+01,2.909809e+01,-5.098089e+00
3.507500e+03,2.700000e+01,2.904549e+01,2.905804e+01,-2.058039e+00
3.512500e+03,1.700000e+01,2.900162e+01,2.901947e+01,-1.201947e+01
3.517500e+03,2.500000e+01,2.895776e+01,2.898286e+01,-3.982859e+00
3.522500e+03,3.700000e+01,2.891390e+01,2.894882e+01,8.051180e+00
3.527500e+03,3.200000e+01,2.887004e+01,2.891810e+01,3.081898e+00
3.532500e+03,2.300000e+01,2.882619e+01,2.889162e+01,-5.891617e+00
3.537500e+03,3.000000e+01,2.878235e+01,2.887044e+01,1.129557e+00
3.542500e+03,4.100000e+01,2.873850e+01,2.885585e+01,1.214415e+01
3.547500e+03,2.700000e+01,2.869466e+01,2.884929e+01,-1.849289e+00
3.552500e+03,3.300000e+01,2.865083e+01,2.885237e+01,4.147633e+00
3.557500e+03,2.800000e+01,2.860699e+01,2.886685e+01,-8.668461e-01
3.562500e+03,3.000000e+01,2.856316e+01,2.889458e+01,1.105419e+00
3.567500e+03,2.300000e+01,2.851933e+01,2.893746e+01,-5.937456e+00
3.572500e+03,1.800000e+01,2.847551e+01,2.899732e+01,-1.099732e+01
3.577500e+03,2.300000e+01,2.843169e+01,2.907586e+01,-6.075859e+00
3.582500e+03,2.800000e+01,2.838788e+01,2.917450e+01,-1.174500e+00
3.587500e+03,2.600000e+01,2.834406e+01,2.929427e+01,-3.294266e+00
3.592500e+03,2.900000e+01,2.830026e+01,2.943565e+01,-4.356499e-01
3.597500e+03,2.400000e+01,2.825645e+01,2.959847e+01,-5.598467e+00
3.602500e+03,2.800000e+01,2.821265e+01,2.978175e+01,-1.781746e+00
3.607500e+03,2.600000e+01,2.816886e+01,2.998363e+01,-3.983631e+00
3.612500e+03,2.700000e+01,2.812506e+01,3.020129e+01,-3.201294e+00
3.617500e+03,3.300000e+01,2.808127e+01,3.043096e+01,2.569036e+00
3.622500e+03,2.300000e+01,2.803748e+01,3.066792e+01,-7.667915e+00
3.627500e+03,3.400000e+01,2.799370e+01,3.090659e+01,3.093414e+00
3.632500e+03,2.000000e+01,2.794992e+01,3.114073e+01,-1.114073e+01
3.637500e+03,3.300000e+01,2.790614e+01,3.136362e+01,1.636375e+00
3.642500e+03,3.400000e+01,2.786237e+01,3.156832e+01,2.431683e+00
3.647500e+03,2.700000e+01,2.781860e+01,3.174794e+01,-4.747940e+00
3.652500e+03,3.900000e+01,2.777483e+01,3.189601e+01,7.103994e+00
3.657500e+03,3.700000e+01,2.773107e+01,3.200673e+01,4.993271e+00
3.662500e+03,3.700000e+01,2.768731e+01,3.207531e+01,4.924694e+00
3.667500e+03,3.200000e+01,2.764356e+01,3.209817e+01,-9.816742e-02
3.672500e+03,3.200000e+01,2.759980e+01,3.207317e+01,-7.316971e-02
3.677500e+03,2.200000e+01,2.755606e+01,3.199971e+01,-9.999710e+00
3.682500e+03,3.000000e+01,2.751231e+01,3.187874e+01,-1.878742e+00
3.687500e+03,2.300000e+01,2.746857e+01,3.171275e+01,-8.712753e+00
3.692500e+03,3.200000e+01,2.742484e+01,3.150561e+01,4.943905e-01
3.697500e+03,3.000000e+01,2.738110e+01,3.126235e+01,-1.262348e+00
3.702500e+03,2.600000e+01,2.733737e+01,3.098896e+01,-4.988956e+00
3.707500e+03,3.200000e+01,2.729364e+01,3.069203e+01,1.307972e+00
3.712500e+03,3.000000e+01,2.724992e+01,3.037848e+01,-3.784790e-01
3.717500e+03,3.100000e+01,2.720620e+01,3.005523e+01,9.447689e-01
3.722500e+03,3.300000e+01,2.716249e+01,2.972893e+01,3.271072e+00
3.727500e+03,2.700000e+01,2.711877e+01,2.940566e+01,-2.405663e+00
3.732500e+03,3.600000e+01,2.707506e+01,2.909083e+01,6.909168e+00
3.737500e+03,3.400000e+01,2.703136e+01,2.878894e+01,5.211056e+00
3.742500e+03,2.300000e+01,2.698766e+01,2.850357e+01,-5.503569e+00
3.747500e+03,2.900000e+01,2.694396e+01,2.823730e+01,7.627029e-01
3.752500e+03,2.700000e+01,2.690027e+01,2.799179e+01,-9.917850e-01
3.757500e+03,4.500000e+01,2.685657e+01,2.776781e+01,1.723219e+01
3.762500e+03,2.800000e+01,2.681289e+01,2.756540e+01,4.346046e-01
3.767500e+03,2.400000e+01,2.676920e+01,2.738391e+01,-3.383915e+00
3.772500e+03,1.700000e+01,2.672552e+01,2.722224e+01,-1.022224e+01
3.777500e+03,3.000000e+01,2.668185e+01,2.707889e+01,2.921108e+00
3.782500e+03,2.300000e+01,2.663817e+01,2.695211e+01,-3.952108e+00
3.787500e+03,2.300000e+01,2.659450e+01,2.684004e+01,-3.840044e+00
3.792500e+03,2.500000e+01,2.655083e+01,2.674081e+01,-1.740808e+00
3.797500e+03,2.900000e+01,2.650717e+01,2.665257e+01,2.347435e+00
3.802500e+03,2.100000e+01,2.646351e+01,2.657358e+01,-5.573584e+00
3.807500e+03,2.200000e+01,2.641986e+01,2.650229e+01,-4.502289e+00
3.812500e+03,1.400000e+01,2.637620e+01,2.643727e+01,-1.243727e+01
3.817500e+03,3.200000e+01,2.633256e+01,2.637730e+01,5.622700e+00
3.822500e+03,2.900000e+01,2.628891e+01,2.632134e+01,2.678656e+00
3.827500e+03,2.100000e+01,2.624527e+01,2.626853e+01,-5.268526e+00
3.832500e+03,1.700000e+01,2.620163e+01,2.621813e+01,-9.218126e+00
3.837500e+03,2.100000e+01,2.615800e+01,2.616957e+01,-5.169573e+00
3.842500e+03,2.800000e+01,2.611437e+01,2.612240e+01,1.877602e+00
3.847500e+03,3.100000e+01,2.607074e+01,2.607625e+01,4.923746e+00
3.852500e+03,2.400000e+01,2.602712e+01,2.603086e+01,-2.030861e+00
3.857500e+03,2.400000e+01,2.598350e+01,2.598601e+01,-1.986013e+00
3.862500e+03,1.000000e+01,2.593988e+01,2.593988e+01,-1.593988e+01
3.867500e+03,2.600000e+01,2.589627e+01,2.589627e+01,1.037292e-01
3.872500e+03,2.800000e+01,2.585266e+01,2.585266e+01,2.147343e+00
3.877500e+03,3.100000e+01,2.580905e+01,2.580905e+01,5.190947e+00
3.882500e+03,3.000000e+01,2.576545e+01,2.576545e+01,4.234550e+00
3.887500e+03,2.600000e+01,2.572185e+01,2.572185e+01,2.781487e-01
3.892500e+03,2.500000e+01,2.567826e+01,2.567826e+01,-6.782608e-01
3.897500e+03,2.500000e+01,2.563466e+01,2.563466e+01,-6.346645e-01
3.902500e+03,2.400000e+01,2.559108e+01,2.559108e+01,-1.591078e+00
3.907500e+03,2.400000e+01,2.554749e+01,2.554749e+01,-1.547493e+00
3.912500e+03,3.200000e+01,2.550391e+01,2.550391e+01,6.496088e+00
3.917500e+03,2.400000e+01,2.546033e+01,2.546033e+01,-1.460335e+00
3.922500e+03,2.300000e+01,2.541677e+01,2.541677e+01,-2.416765e+00
3.927500e+03,2.500000e+01,2.537319e+01,2.537319e+01,-3.731918e-01
3.932500e+03,2.700000e+01,2.532962e+01,2.532962e+01,1.670376e+00
3.937500e+03,1.400000e+01,2.528606e+01,2.528606e+01,-1.128606e+01
3.942500e+03,1.800000e+01,2.524250e+01,2.524250e+01,-7.242502e+00
3.947500e+03,2.400000e+01,2.519895e+01,2.519895e+01,-1.198946e+00
3.952500e+03,1.500000e+01,2.515540e+01,2.515540e+01,-1.015540e+01
3.957500e+03,3.500000e+01,2.511185e+01,2.511185e+01,9.888155e+00
3.962500e+03,2.900000e+01,2.506830e+01,2.506830e+01,3.931700e+00
3.967500e+03,2.400000e+01,2.502476e+01,2.502476e+01,-1.024757e+00
3.972500e+03,1.900000e+01,2.498122e+01,2.498122e+01,-5.981220e+00
3.977500e+03,2.300000e+01,2.493769e+01,2.493769e+01,-1.937689e+00
3.982500e+03,3.000000e+01,2.489416e+01,2.489416e+01,5.105843e+00
3.987500e+03,2.300000e+01,2.485063e+01,2.485063e+01,-1.850628e+00
3.992500e+03,1.900000e+01,2.480710e+01,2.480710e+01,-5.807102e+00
3.997500e+03,2.300000e+01,2.476358e+01,2.476358e+01,-1.763582e+00
4.002500e+03,2.400000e+01,2.472007e+01,2.472007e+01,-7.200661e-01
4.007500e+03,2.500000e+01,2.467656e+01,2.467673e+01,3.232670e-01
4.012500e+03,3.400000e+01,2.463304e+01,2.463330e+01,9.366695e+00
4.017500e+03,2.500000e+01,2.458954e+01,2.458992e+01,4.100800e-01
4.022500e+03,2.300000e+01,2.454603e+01,2.454659e+01,-1.546589e+00
4.027500e+03,1.100000e+01,2.450253e+01,2.450333e+01,-1.350333e+01
4.032500e+03,2.100000e+01,2.445904e+01,2.446017e+01,-3.460169e+00
4.037500e+03,1.500000e+01,2.441555e+01,2.441714e+01,-9.417141e+00
4.042500e+03,2.100000e+01,2.437206e+01,2.437427e+01,-3.374271e+00
4.047500e+03,2.500000e+01,2.432858e+01,2.433162e+01,6.683769e-01
4.052500e+03,1.300000e+01,2.428509e+01,2.428925e+01,-1.128925e+01
4.057500e+03,2.900000e+01,2.424162e+01,2.424724e+01,4.752762e+00
4.062500e+03,2.600000e+01,2.419815e+01,2.420567e+01,1.794333e+00
4.067500e+03,1.900000e+01,2.415468e+01,2.416464e+01,-5.164639e+00
4.072500e+03,1.800000e+01,2.411120e+01,2.412427e+01,-6.124273e+00
4.077500e+03,2.600000e+01,2.406774e+01,2.408471e+01,1.915285e+00
4.082500e+03,1.800000e+01,2.402428e+01,2.404611e+01,-6.046110e+00
4.087500e+03,2.000000e+01,2.398083e+01,2.400862e+01,-4.008621e+00
4.092500e+03,2.000000e+01,2.393738e+01,2.397242e+01,-3.972420e+00
4.097500e+03,2.600000e+01,2.389393e+01,2.393768e+01,2.062325e+00
4.102500e+03,2.000000e+01,2.385048e+01,2.390455e+01,-3.904554e+00
4.107500e+03,2.700000e+01,2.380704e+01,2.387322e+01,3.126780e+00
4.112500e+03,2.000000e+01,2.376360e+01,2.384380e+01,-3.843803e+00
4.117500e+03,2.800000e+01,2.372016e+01,2.381640e+01,4.183601e+00
4.122500e+03,1.900000e+01,2.367673e+01,2.379107e+01,-4.791071e+00
4.127500e+03,2.500000e+01,2.363330e+01,2.376780e+01,1.232197e+00
4.132500e+03,3.100000e+01,2.358988e+01,2.374654e+01,7.253460e+00
4.137500e+03,3.200000e+01,2.354646e+01,2.372713e+01,8.272865e+00
4.142500e+03,2.800000e+01,2.350304e+01,2.370936e+01,4.290642e+00
4.147500e+03,2.900000e+01,2.345963e+01,2.369291e+01,5.307091e+00
4.152500e+03,2.000000e+01,2.341622e+01,2.367738e+01,-3.677382e+00
4.157500e+03,2.000000e+01,2.337281e+01,2.366230e+01,-3.662304e+00
4.162500e+03,2.400000e+01,2.332941e+01,2.364715e+01,3.528519e-01
4.167500e+03,2.000000e+01,2.328601e+01,2.363131e+01,-3.631313e+00
4.172500e+03,2.900000e+01,2.324261e+01,2.361417e+01,5.385826e+00
4.177500e+03,1.800000e+01,2.319922e+01,2.359510e+01,-5.595098e+00
4.182500e+03,1.800000e+01,2.315584e+01,2.357346e+01,-5.573460e+00
4.187500e+03,2.400000e+01,2.311245e+01,2.354867e+01,4.513283e-01
4.192500e+03,2.300000e+01,2.306907e+01,2.352023e+01,-5.202293e-01
4.197500e+03,2.100000e+01,2.302569e+01,2.348770e+01,-2.487703e+00
4.202500e+03,3.100000e+01,2.298231e+01,2.345078e+01,7.549221e+00
4.207500e+03,2.600000e+01,2.293895e+01,2.340927e+01,2.590729e+00
4.212500e+03,1.700000e+01,2.289558e+01,2.336312e+01,-6.363117e+00
4.217500e+03,2.100000e+01,2.285221e+01,2.331240e+01,-2.312401e+00
4.222500e+03,3.100000e+01,2.280885e+01,2.325734e+01,7.742659e+00
4.227500e+03,3.100000e+01,2.276549e+01,2.319827e+01,7.801725e+00
4.232500e+03,2.400000e+01,2.272215e+01,2.313565e+01,8.643475e-01
4.237500e+03,1.200000e+01,2.267879e+01,2.306999e+01,-1.106999e+01
4.242500e+03,1.900000e+01,2.263544e+01,2.300189e+01,-4.001890e+00
4.247500e+03,2.000000e+01,2.259210e+01,2.293198e+01,-2.931976e+00
4.252500e+03,1.700000e+01,2.254876e+01,2.286089e+01,-5.860888e+00
4.257500e+03,2.500000e+01,2.250543e+01,2.278924e+01,2.210756e+00
4.262500e+03,2.500000e+01,2.246210e+01,2.271763e+01,2.282368e+00
4.267500e+03,2.200000e+01,2.241877e+01,2.264657e+01,-6.465721e-01
4.272500e+03,2.900000e+01,2.237544e+01,2.257652e+01,6.423483e+00
4.277500e+03,2.700000e+01,2.233212e+01,2.250786e+01,4.492142e+00
4.282500e+03,1.300000e+01,2.228881e+01,2.244088e+01,-9.440882e+00
4.287500e+03,2.700000e+01,2.224549e+01,2.237580e+01,4.624205e+00
4.292500e+03,2.500000e+01,2.220218e+01,2.231273e+01,2.687265e+00
4.297500e+03,1.600000e+01,2.215888e+01,2.225175e+01,-6.251745e+00
4.302500e+03,1.700000e+01,2.211557e+01,2.219281e+01,-5.192814e+00
4.307500e+03,1.700000e+01,2.207227e+01,2.213589e+01,-5.135885e+00
4.312500e+03,2.700000e+01,2.202897e+01,2.208085e+01,4.919151e+00
4.317500e+03,1.700000e+01,2.198568e+01,2.202757e+01,-5.027567e+00
4.322500e+03,1.900000e+01,2.194240e+01,2.197588e+01,-2.975882e+00
4.327500e+03,2.000000e+01,2.189911e+01,2.192562e+01,-1.925617e+00
4.332500e+03,2.300000e+01,2.185583e+01,2.187660e+01,1.123402e+00
4.337500e+03,1.700000e+01,2.181255e+01,2.182867e+01,-4.828669e+00
4.342500e+03,2.000000e+01,2.176927e+01,2.178166e+01,-1.781662e+00
4.347500e+03,2.600000e+01,2.172601e+01,2.173543e+01,4.264570e+00
4.352500e+03,2.400000e+01,2.168274e+01,2.168984e+01,2.310163e+00
4.357500e+03,2.500000e+01,2.163947e+01,2.164477e+01,3.355230e+00
4.362500e+03,2.400000e+01,2.159621e+01,2.160012e+01,2.399879e+00
4.367500e+03,1.900000e+01,2.155295e+01,2.155581e+01,-2.555813e+00
4.372500e+03,2.300000e+01,2.150970e+01,2.151177e+01,1.488230e+00
4.377500e+03,3.000000e+01,2.146645e+01,2.146794e+01,8.532063e+00
4.382500e+03,1.900000e+01,2.142321e+01,2.142426e+01,-2.424261e+00
4.387500e+03,2.500000e+01,2.137996e+01,2.138070e+01,3.619301e+00
4.392500e+03,1.900000e+01,2.133672e+01,2.133724e+01,-2.337236e+00
4.397500e+03,2.100000e+01,2.129349e+01,2.129384e+01,-2.938404e-01
4.402500e+03,2.500000e+01,2.125025e+01,2.125049e+01,3.749506e+00
4.407500e+03,1.500000e+01,2.120703e+01,2.120703e+01,-6.207027e+00
4.412500e+03,1.900000e+01,2.116380e+01,2.116380e+01,-2.163803e+00
4.417500e+03,1.600000e+01,2.112058e+01,2.112058e+01,-5.120577e+00
4.422500e+03,2.100000e+01,2.107736e+01,2.107736e+01,-7.736015e-02
4.427500e+03,1.500000e+01,2.103415e+01,2.103415e+01,-6.034145e+00
4.432500e+03,1.500000e+01,2.099094e+01,2.099094e+01,-5.990938e+00
4.437500e+03,2.700000e+01,2.094773e+01,2.094773e+01,6.052269e+00
4.442500e+03,1.500000e+01,2.090453e+01,2.090453e+01,-5.904528e+00
4.447500e+03,3.300000e+01,2.086132e+01,2.086132e+01,1.213868e+01
4.452500e+03,1.100000e+01,2.081813e+01,2.082355e+01,-9.823545e+00
4.457500e+03,3.400000e+01,2.077493e+01,2.078284e+01,1.321716e+01
4.462500e+03,1.700000e+01,2.073175e+01,2.074317e+01,-3.743172e+00
4.467500e+03,2.500000e+01,2.068856e+01,2.070492e+01,4.295078e+00
4.472500e+03,2.300000e+01,2.064538e+01,2.066859e+01,2.331409e+00
4.477500e+03,2.300000e+01,2.060220e+01,2.063483e+01,2.365171e+00
4.482500e+03,2.500000e+01,2.055902e+01,2.060448e+01,4.395523e+00
4.487500e+03,2.100000e+01,2.051585e+01,2.057859e+01,4.214134e-01
4.492500e+03,2.700000e+01,2.047269e+01,2.055848e+01,6.441519e+00
4.497500e+03,2.300000e+01,2.042952e+01,2.054577e+01,2.454229e+00
4.502500e+03,2.300000e+01,2.038636e+01,2.054243e+01,2.457571e+00
4.507500e+03,2.200000e+01,2.034320e+01,2.055082e+01,1.449183e+00
4.512500e+03,1.700000e+01,2.030005e+01,2.057370e+01,-3.573698e+00
4.517500e+03,2.100000e+01,2.025690e+01,2.061428e+01,3.857231e-01
4.522500e+03,2.200000e+01,2.021375e+01,2.067620e+01,1.323805e+00
4.527500e+03,2.400000e+01,2.017061e+01,2.076352e+01,3.236481e+00
4.532500e+03,1.800000e+01,2.012747e+01,2.088067e+01,-2.880674e+00
4.537500e+03,1.500000e+01,2.008433e+01,2.103240e+01,-6.032402e+00
4.542500e+03,1.800000e+01,2.004120e+01,2.122360e+01,-3.223604e+00
4.547500e+03,1.600000e+01,1.999807e+01,2.145921e+01,-5.459206e+00
4.552500e+03,2.200000e+01,1.995495e+01,2.174396e+01,2.560444e-01
4.557500e+03,3.000000e+01,1.991183e+01,2.208220e+01,7.917805e+00
4.562500e+03,2.600000e+01,1.986870e+01,2.247758e+01,3.522419e+00
4.567500e+03,2.700000e+01,1.982559e+01,2.293281e+01,4.067188e+00
4.572500e+03,1.800000e+01,1.991198e+01,2.357880e+01,-5.578796e+00
4.577500e+03,3.000000e+01,1.999837e+01,2.428588e+01,5.714123e+00
4.582500e+03,1.900000e+01,2.008475e+01,2.505205e+01,-6.052046e+00
4.587500e+03,2.600000e+01,2.017114e+01,2.587321e+01,1.267853e-01
4.592500e+03,3.000000e+01,2.025753e+01,2.674305e+01,3.256954e+00
4.597500e+03,2.200000e+01,2.034392e+01,2.765287e+01,-5.652870e+00
4.602500e+03,3.500000e+01,2.043031e+01,2.859170e+01,6.408302e+00
4.607500e+03,3.200000e+01,2.051669e+01,2.954637e+01,2.453632e+00
4.612500e+03,3.800000e+01,2.060308e+01,3.050179e+01,7.498207e+00
4.617500e+03,2.300000e+01,2.068947e+01,3.144134e+01,-8.441336e+00
4.622500e+03,4.000000e+01,2.077586e+01,3.234731e+01,7.652695e+00
4.627500e+03,3.400000e+01,2.086224e+01,3.320154e+01,7.984619e-01
4.632500e+03,4.600000e+01,2.094863e+01,3.398605e+01,1.201395e+01
4.637500e+03,4.300000e+01,2.103502e+01,3.468373e+01,8.316273e+00
4.642500e+03,2.800000e+01,2.112141e+01,3.527902e+01,-7.279022e+00
4.647500e+03,3.700000e+01,2.120779e+01,3.575861e+01,1.241386e+00
4.652500e+03,4.100000e+01,2.129418e+01,3.611197e+01,4.888031e+00
4.657500e+03,2.400000e+01,2.138057e+01,3.633184e+01,-1.233184e+01
4.662500e+03,4.000000e+01,2.146696e+01,3.641455e+01,3.585449e+00
4.667500e+03,4.000000e+01,2.155334e+01,3.636021e+01,3.639786e+00
4.672500e+03,4.000000e+01,2.163973e+01,3.617268e+01,3.827316e+00
4.677500e+03,4.400000e+01,2.172612e+01,3.585941e+01,8.140591e+00
4.682500e+03,4.200000e+01,2.181251e+01,3.543107e+01,6.568932e+00
4.687500e+03,3.900000e+01,2.189890e+01,3.490113e+01,4.098873e+00
4.692500e+03,5.400000e+01,2.198528e+01,3.428523e+01,1.971477e+01
4.697500e+03,3.300000e+01,2.207167e+01,3.360056e+01,-6.005554e-01
4.702500e+03,3.400000e+01,2.215806e+01,3.286511e+01,1.134888e+00
4.707500e+03,2.500000e+01,2.224445e+01,3.209706e+01,-7.097057e+00
4.712500e+03,2.800000e+01,2.233083e+01,3.131404e+01,-3.314041e+00
4.717500e+03,3.000000e+01,2.241722e+01,3.053262e+01,-5.326233e-01
4.722500e+03,4.300000e+01,2.250361e+01,2.976780e+01,1.323220e+01
4.727500e+03,2.200000e+01,2.259000e+01,2.903263e+01,-7.032633e+00
4.732500e+03,4.200000e+01,2.267638e+01,2.833797e+01,1.366203e+01
4.737500e+03,3.100000e+01,2.276277e+01,2.769237e+01,3.307627e+00
4.742500e+03,2.200000e+01,2.284916e+01,2.710205e+01,-5.102047e+00
4.747500e+03,2.300000e+01,2.293555e+01,2.657097e+01,-3.570969e+00
4.752500e+03,2.600000e+01,2.306445e+01,2.614355e+01,-1.435547e-01
4.757500e+03,1.500000e+01,2.318945e+01,2.577345e+01,-1.077345e+01
4.762500e+03,3.500000e+01,2.331006e+01,2.545868e+01,9.541325e+00
4.767500e+03,2.200000e+01,2.342700e+01,2.519721e+01,-3.197210e+00
4.772500e+03,2.200000e+01,2.353931e+01,2.498438e+01,-2.984377e+00
4.777500e+03,3.100000e+01,2.364722e+01,2.481605e+01,6.183952e+00
4.782500e+03,2.200000e+01,2.375122e+01,2.468795e+01,-2.687948e+00
4.787500e+03,1.500000e+01,2.385059e+01,2.459442e+01,-9.594416e+00
4.792500e+03,2.800000e+01,2.394629e+01,2.453153e+01,3.468473e+00
4.797500e+03,2.100000e+01,2.403760e+01,2.449383e+01,-3.493834e+00
4.802500e+03,2.200000e+01,2.412427e+01,2.447668e+01,-2.476675e+00
4.807500e+03,2.400000e+01,2.420679e+01,2.447650e+01,-4.764996e-01
4.812500e+03,3.100000e+01,2.428540e+01,2.448993e+01,6.510071e+00
4.817500e+03,2.800000e+01,2.436011e+01,2.451378e+01,3.486216e+00
4.822500e+03,1.600000e+01,2.442993e+01,2.454434e+01,-8.544340e+00
4.827500e+03,2.200000e+01,2.449585e+01,2.458024e+01,-2.580242e+00
4.832500e+03,2.100000e+01,2.455713e+01,2.461881e+01,-3.618811e+00
4.837500e+03,1.900000e+01,2.461499e+01,2.465966e+01,-5.659658e+00
4.842500e+03,3.300000e+01,2.466821e+01,2.470026e+01,8.299736e+00
4.847500e+03,2.600000e+01,2.471704e+01,2.473983e+01,1.260172e+00
4.852500e+03,1.200000e+01,2.476172e+01,2.477777e+01,-1.277777e+01
4.857500e+03,2.400000e+01,2.480200e+01,2.481321e+01,-8.132057e-01
4.862500e+03,2.600000e+01,2.483862e+01,2.484637e+01,1.153629e+00
4.867500e+03,1.500000e+01,2.487036e+01,2.487036e+01,-9.870361e+00
4.872500e+03,1.700000e+01,2.489844e+01,2.489844e+01,-7.898438e+00
4.877500e+03,2.900000e+01,2.492188e+01,2.492188e+01,4.078125e+00
4.882500e+03,3.100000e+01,2.494116e+01,2.494116e+01,6.058838e+00
4.887500e+03,2.500000e+01,2.495679e+01,2.495679e+01,4.321289e-02
4.892500e+03,3.100000e+01,2.496729e+01,2.496729e+01,6.032715e+00
4.897500e+03,2.000000e+01,2.497412e+01,2.497412e+01,-4.974121e+00
4.902500e+03,3.000000e+01,2.497656e+01,2.497656e+01,5.023438e+00
4.907500e+03,2.000000e+01,2.497485e+01,2.497485e+01,-4.974854e+00
4.912500e+03,2.200000e+01,2.496875e+01,2.496875e+01,-2.968750e+00
4.917500e+03,2.500000e+01,2.495874e+01,2.495874e+01,4.125977e-02
4.922500e+03,3.300000e+01,2.494434e+01,2.494434e+01,8.055664e+00
4.927500e+03,3.500000e+01,2.492554e+01,2.492554e+01,1.007446e+01
4.932500e+03,2.300000e+01,2.490259e+01,2.490259e+01,-1.902588e+00
4.937500e+03,3.200000e+01,2.487549e+01,2.487549e+01,7.124512e+00
4.942500e+03,3.200000e+01,2.484448e+01,2.484448e+01,7.155518e+00
4.947500e+03,2.800000e+01,2.480859e+01,2.480859e+01,3.191406e+00
4.952500e+03,2.800000e+01,2.476904e+01,2.476904e+01,3.230957e+00
4.957500e+03,2.400000e+01,2.472485e+01,2.472485e+01,-7.248535e-01
4.962500e+03,1.300000e+01,2.467676e+01,2.467676e+01,-1.167676e+01
4.967500e+03,3.900000e+01,2.462476e+01,2.462476e+01,1.437524e+01
4.972500e+03,3.500000e+01,2.456787e+01,2.456787e+01,1.043213e+01
4.977500e+03,2.400000e+01,2.450708e+01,2.450708e+01,-5.070801e-01
4.982500e+03,2.600000e+01,2.444165e+01,2.444165e+01,1.558350e+00
4.987500e+03,2.500000e+01,2.437256e+01,2.437256e+01,6.274414e-01
4.992500e+03,3.200000e+01,2.429932e+01,2.429932e+01,7.700684e+00
4.997500e+03,2.300000e+01,2.422119e+01,2.422119e+01,-1.221191e+00
5.002500e+03,2.300000e+01,2.413940e+01,2.413940e+01,-1.139404e+00
5.007500e+03,2.500000e+01,2.405298e+01,2.405298e+01,9.470215e-01
5.012500e+03,2.000000e+01,2.396289e+01,2.396289e+01,-3.962891e+00
5.017500e+03,2.200000e+01,2.386768e+01,2.386768e+01,-1.867676e+00
5.022500e+03,2.100000e+01,2.376904e+01,2.376904e+01,-2.769043e+00
5.027500e+03,2.400000e+01,2.366577e+01,2.366577e+01,3.342285e-01
5.032500e+03,1.700000e+01,2.355835e+01,2.355835e+01,-6.558350e+00
5.037500e+03,2.000000e+01,2.344678e+01,2.344678e+01,-3.446777e+00
5.042500e+03,1.700000e+01,2.333105e+01,2.333105e+01,-6.331055e+00
5.047500e+03,2.100000e+01,2.321118e+01,2.321118e+01,-2.211182e+00
5.052500e+03,2.700000e+01,2.308691e+01,2.308691e+01,3.913086e+00
5.057500e+03,2.300000e+01,2.295850e+01,2.295850e+01,4.150391e-02
5.062500e+03,2.200000e+01,2.282544e+01,2.282544e+01,-8.254395e-01
5.067500e+03,1.600000e+01,2.268896e+01,2.268896e+01,-6.688965e+00
5.072500e+03,1.900000e+01,2.254785e+01,2.254785e+01,-3.547852e+00
5.077500e+03,2.700000e+01,2.240234e+01,2.240234e+01,4.597656e+00
5.082500e+03,1.600000e+01,2.225244e+01,2.225244e+01,-6.252441e+00
5.087500e+03,1.900000e+01,2.209888e+01,2.209888e+01,-3.098877e+00
5.092500e+03,1.500000e+01,2.194116e+01,2.194116e+01,-6.941162e+00
5.097500e+03,1.500000e+01,2.177856e+01,2.177901e+01,-6.779013e+00
5.102500e+03,1.900000e+01,2.161206e+01,2.161271e+01,-2.612705e+00
5.107500e+03,1.700000e+01,2.144116e+01,2.144208e+01,-4.442083e+00
5.112500e+03,2.800000e+01,2.126660e+01,2.126791e+01,6.732092e+00
5.117500e+03,2.800000e+01,2.108765e+01,2.108948e+01,6.910519e+00
5.122500e+03,1.100000e+01,2.090405e+01,2.090661e+01,-9.906609e+00
5.127500e+03,2.400000e+01,2.071655e+01,2.072009e+01,3.279915e+00
5.132500e+03,2.500000e+01,2.052441e+01,2.052925e+01,4.470745e+00
5.137500e+03,1.700000e+01,2.032886e+01,2.033544e+01,-3.335436e+00
5.142500e+03,2.100000e+01,2.012817e+01,2.013704e+01,8.629608e-01
5.147500e+03,1.800000e+01,1.992383e+01,1.993567e+01,-1.935675e+00
5.152500e+03,2.600000e+01,1.971533e+01,1.973103e+01,6.268969e+00
5.157500e+03,2.700000e+01,1.950195e+01,1.952259e+01,7.477413e+00
5.162500e+03,2.100000e+01,1.928516e+01,1.931205e+01,1.687954e+00
5.167500e+03,2.100000e+01,1.906348e+01,1.909823e+01,1.901772e+00
5.172500e+03,1.500000e+01,1.883813e+01,1.888267e+01,-3.882671e+00
5.177500e+03,2.300000e+01,1.860791e+01,1.866451e+01,4.335485e+00
5.182500e+03,3.100000e+01,1.837402e+01,1.844536e+01,1.255464e+01
5.187500e+03,2.500000e+01,1.838157e+01,1.859558e+01,6.404421e+00
5.192500e+03,2.800000e+01,1.838912e+01,1.886363e+01,9.136372e+00
5.197500e+03,2.000000e+01,1.839667e+01,1.905188e+01,9.481201e-01
5.202500e+03,2.700000e+01,1.840422e+01,1.930482e+01,7.695185e+00
5.207500e+03,2.500000e+01,1.841177e+01,1.964362e+01,5.356377e+00
5.212500e+03,2.400000e+01,1.841932e+01,2.009556e+01,3.904440e+00
5.217500e+03,1.800000e+01,1.842687e+01,2.069535e+01,-2.695354e+00
5.222500e+03,2.000000e+01,1.843442e+01,2.148679e+01,-1.486788e+00
5.227500e+03,2.900000e+01,1.844197e+01,2.252447e+01,6.475529e+00
5.232500e+03,2.700000e+01,1.844952e+01,2.387576e+01,3.124237e+00
5.237500e+03,1.800000e+01,1.845707e+01,2.562278e+01,-7.622780e+00
5.242500e+03,3.200000e+01,1.846461e+01,2.786442e+01,4.135578e+00
5.247500e+03,2.000000e+01,1.847216e+01,3.071827e+01,-1.071827e+01
5.252500e+03,3.500000e+01,1.847971e+01,3.432229e+01,6.777115e-01
5.257500e+03,2.700000e+01,1.848726e+01,3.883604e+01,-1.183604e+01
5.262500e+03,3.800000e+01,1.849481e+01,4.444130e+01,-6.441299e+00
5.267500e+03,3.700000e+01,1.850236e+01,5.134188e+01,-1.434188e+01
5.272500e+03,4.500000e+01,1.850991e+01,5.976225e+01,-1.476225e+01
5.277500e+03,4.400000e+01,1.851746e+01,6.994490e+01,-2.594490e+01
5.282500e+03,6.000000e+01,1.852501e+01,8.214619e+01,-2.214619e+01
5.287500e+03,5.100000e+01,1.853256e+01,9.663043e+01,-4.563043e+01
5.292500e+03,7.500000e+01,1.854011e+01,1.136622e+02,-3.866219e+01
5.297500e+03,7.400000e+01,1.854766e+01,1.334967e+02,-5.949672e+01
5.302500e+03,7.900000e+01,1.855521e+01,1.563687e+02,-7.736871e+01
5.307500e+03,9.600000e+01,1.856276e+01,1.824795e+02,-8.647948e+01
5.312500e+03,9.400000e+01,1.857030e+01,2.119830e+02,-1.179830e+02
5.317500e+03,1.280000e+02,1.857785e+01,2.449714e+02,-1.169714e+02
5.322500e+03,1.590000e+02,1.858540e+01,2.814604e+02,-1.224604e+02
5.327500e+03,1.940000e+02,1.859295e+01,3.213759e+02,-1.273759e+02
5.332500e+03,1.890000e+02,1.860050e+01,3.645411e+02,-1.755411e+02
5.337500e+03,2.430000e+02,1.860805e+01,4.106684e+02,-1.676684e+02
5.342500e+03,2.870000e+02,1.861560e+01,4.593523e+02,-1.723523e+02
5.347500e+03,3.330000e+02,1.862315e+01,5.100681e+02,-1.770681e+02
5.352500e+03,3.710000e+02,1.863070e+01,5.621758e+02,-1.911758e+02
5.357500e+03,4.030000e+02,1.863825e+01,6.149277e+02,-2.119277e+02
5.362500e+03,4.240000e+02,1.864580e+01,6.674835e+02,-2.434835e+02
5.367500e+03,5.540000e+02,1.865335e+01,7.189297e+02,-1.649297e+02
5.372500e+03,5.960000e+02,1.866090e+01,7.683046e+02,-1.723046e+02
5.377500e+03,6.490000e+02,1.866845e+01,8.146260e+02,-1.656260e+02
5.382500e+03,7.580000e+02,1.867599e+01,8.569243e+02,-9.892432e+01
5.387500e+03,7.810000e+02,1.868354e+01,8.942750e+02,-1.132750e+02
5.392500e+03,8.130000e+02,1.869109e+01,9.258328e+02,-1.128328e+02
5.397500e+03,8.110000e+02,1.869864e+01,9.508621e+02,-1.398621e+02
5.402500e+03,8.820000e+02,1.870619e+01,9.687669e+02,-8.676691e+01
5.407500e+03,9.810000e+02,1.871374e+01,9.791137e+02,1.886292e+00
5.412500e+03,9.730000e+02,1.872129e+01,9.816484e+02,-8.648438e+00
5.417500e+03,1.010000e+03,1.872884e+01,9.763078e+02,3.369220e+01
5.422500e+03,9.890000e+02,1.873639e+01,9.632215e+02,2.577850e+01
5.427500e+03,9.830000e+02,1.874394e+01,9.427064e+02,4.029364e+01
5.432500e+03,1.034000e+03,1.875149e+01,9.152545e+02,1.187455e+02
5.437500e+03,1.016000e+03,1.875904e+01,8.815130e+02,1.344870e+02
5.442500e+03,1.049000e+03,1.876659e+01,8.422592e+02,2.067408e+02
5.447500e+03,9.240000e+02,1.877414e+01,7.983698e+02,1.256302e+02
5.452500e+03,8.960000e+02,1.878168e+01,7.507900e+02,1.452100e+02
5.457500e+03,8.530000e+02,1.878923e+01,7.004984e+02,1.525016e+02
5.462500e+03,8.010000e+02,1.879678e+01,6.484749e+02,1.525251e+02
5.467500e+03,7.480000e+02,1.880433e+01,5.956691e+02,1.523309e+02
5.472500e+03,7.230000e+02,1.881188e+01,5.429736e+02,1.800264e+02
5.477500e+03,6.890000e+02,1.881943e+01,4.912003e+02,1.977997e+02
5.482500e+03,6.060000e+02,1.882698e+01,4.410624e+02,1.649376e+02
5.487500e+03,5.450000e+02,1.883453e+01,3.931626e+02,1.518374e+02
5.492500e+03,5.160000e+02,1.884208e+01,3.479856e+02,1.680144e+02
5.497500e+03,4.770000e+02,1.884963e+01,3.058968e+02,1.711032e+02
5.502500e+03,3.810000e+02,1.885718e+01,2.671453e+02,1.138547e+02
5.507500e+03,3.390000e+02,1.886473e+01,2.318715e+02,1.071285e+02
5.512500e+03,2.850000e+02,1.887228e+01,2.001175e+02,8.488254e+01
5.517500e+03,2.580000e+02,1.887983e+01,1.718383e+02,8.616165e+01
5.522500e+03,2.170000e+02,1.888737e+01,1.469185e+02,7.008148e+01
5.527500e+03,2.130000e+02,1.889492e+01,1.251849e+02,8.781506e+01
5.532500e+03,1.710000e+02,1.890247e+01,1.064220e+02,6.457805e+01
5.537500e+03,1.430000e+02,1.891002e+01,9.038432e+01,5.261568e+01
5.542500e+03,1.190000e+02,1.891757e+01,7.681190e+01,4.218810e+01
5.547500e+03,1.140000e+02,1.892512e+01,6.543677e+01,4.856323e+01
5.552500e+03,8.300000e+01,1.893267e+01,5.599487e+01,2.700513e+01
5.557500e+03,7.400000e+01,1.894022e+01,4.823235e+01,2.576765e+01
5.562500e+03,5.400000e+01,1.894777e+01,4.191098e+01,1.208902e+01
5.567500e+03,5.100000e+01,1.895532e+01,3.681180e+01,1.418820e+01
5.572500e+03,5.900000e+01,1.896287e+01,3.273729e+01,2.626271e+01
5.577500e+03,4.300000e+01,1.897042e+01,2.951235e+01,1.348765e+01
5.582500e+03,3.200000e+01,1.897797e+01,2.698424e+01,5.015759e+00
5.587500e+03,3.900000e+01,1.898552e+01,2.502167e+01,1.397833e+01
5.592500e+03,3.600000e+01,1.899306e+01,2.351342e+01,1.248658e+01
5.597500e+03,3.000000e+01,1.900061e+01,2.236655e+01,7.633450e+00
5.602500e+03,2.500000e+01,1.900816e+01,2.150439e+01,3.495611e+00
5.607500e+03,2.000000e+01,1.901571e+01,2.086451e+01,-8.645058e-01
5.612500e+03,2.600000e+01,1.902326e+01,2.039667e+01,5.603329e+00
5.617500e+03,2.100000e+01,1.903081e+01,2.006096e+01,9.390430e-01
5.622500e+03,2.000000e+01,1.903836e+01,1.982599e+01,1.740131e-01
5.627500e+03,2.900000e+01,1.904591e+01,1.957405e+01,9.425955e+00
5.632500e+03,1.700000e+01,1.905346e+01,1.924629e+01,-2.246286e+00
5.637500e+03,2.100000e+01,1.906101e+01,1.928685e+01,1.713152e+00
5.642500e+03,2.300000e+01,1.906856e+01,1.933098e+01,3.669020e+00
5.647500e+03,1.300000e+01,1.907611e+01,1.937864e+01,-6.378637e+00
5.652500e+03,2.400000e+01,1.908366e+01,1.942968e+01,4.570320e+00
5.657500e+03,2.500000e+01,1.909121e+01,1.948386e+01,5.516144e+00
5.662500e+03,1.600000e+01,1.909875e+01,1.954081e+01,-3.540810e+00
5.667500e+03,1.700000e+01,1.910630e+01,1.960006e+01,-2.600060e+00
5.672500e+03,2.000000e+01,1.911385e+01,1.966101e+01,3.389874e-01
5.677500e+03,2.400000e+01,1.912140e+01,1.972297e+01,4.277031e+00
5.682500e+03,2.700000e+01,1.912895e+01,1.978513e+01,7.214872e+00
5.687500e+03,1.900000e+01,1.913650e+01,1.984661e+01,-8.466072e-01
5.692500e+03,2.700000e+01,1.914405e+01,1.990647e+01,7.093531e+00
5.697500e+03,3.500000e+01,1.915160e+01,1.996374e+01,1.503626e+01
5.702500e+03,1.700000e+01,1.915915e+01,2.001744e+01,-3.017441e+00
5.707500e+03,2.400000e+01,1.916670e+01,2.006662e+01,3.933378e+00
5.712500e+03,2.300000e+01,1.917425e+01,2.011039e+01,2.889606e+00
5.717500e+03,2.900000e+01,1.918180e+01,2.018646e+01,8.813543e+00
5.722500e+03,2.400000e+01,1.918935e+01,2.023319e+01,3.766809e+00
5.727500e+03,2.100000e+01,1.919690e+01,2.027861e+01,7.213898e-01
5.732500e+03,2.700000e+01,1.920444e+01,2.032442e+01,6.675579e+00
5.737500e+03,2.400000e+01,1.921199e+01,2.037312e+01,3.626883e+00
5.742500e+03,3.700000e+01,1.921954e+01,2.042812e+01,1.657188e+01
5.747500e+03,2.200000e+01,1.922709e+01,2.049397e+01,1.506029e+00
5.752500e+03,1.700000e+01,1.923464e+01,2.057646e+01,-3.576456e+00
5.757500e+03,2.200000e+01,1.924219e+01,2.068285e+01,1.317154e+00
5.762500e+03,1.800000e+01,1.924974e+01,2.082206e+01,-2.822062e+00
5.767500e+03,2.300000e+01,1.925729e+01,2.100488e+01,1.995115e+00
5.772500e+03,2.400000e+01,1.926484e+01,2.124414e+01,2.755859e+00
5.777500e+03,2.400000e+01,1.927239e+01,2.155489e+01,2.445107e+00
5.782500e+03,2.700000e+01,1.927994e+01,2.195457e+01,5.045427e+00
5.787500e+03,2.900000e+01,1.928749e+01,2.246309e+01,6.536911e+00
5.792500e+03,3.200000e+01,1.929504e+01,2.310286e+01,8.897139e+00
5.797500e+03,4.200000e+01,1.930259e+01,2.389876e+01,1.810124e+01
5.802500e+03,3.800000e+01,1.931013e+01,2.487796e+01,1.312204e+01
5.807500e+03,4.600000e+01,1.931768e+01,2.606959e+01,1.993041e+01
5.812500e+03,4.300000e+01,1.932523e+01,2.750431e+01,1.549569e+01
5.817500e+03,4.300000e+01,1.933278e+01,2.921369e+01,1.378631e+01
5.822500e+03,6.100000e+01,1.934033e+01,3.122931e+01,2.977069e+01
5.827500e+03,5.700000e+01,1.934788e+01,3.358183e+01,2.341817e+01
5.832500e+03,6.500000e+01,1.935543e+01,3.629973e+01,2.870027e+01
5.837500e+03,6.700000e+01,1.936298e+01,3.940798e+01,2.759202e+01
5.842500e+03,6.800000e+01,1.937053e+01,4.292651e+01,2.507349e+01
5.847500e+03,8.200000e+01,1.937808e+01,4.686868e+01,3.513132e+01
5.852500e+03,9.200000e+01,1.938563e+01,5.123965e+01,4.076035e+01
5.857500e+03,8.700000e+01,1.939318e+01,5.603485e+01,3.096515e+01
5.862500e+03,1.140000e+02,1.940073e+01,6.123862e+01,5.276138e+01
5.867500e+03,1.220000e+02,1.940828e+01,6.682300e+01,5.517700e+01
5.872500e+03,1.400000e+02,1.941582e+01,7.274695e+01,6.725305e+01
5.877500e+03,1.280000e+02,1.942337e+01,7.895592e+01,4.904408e+01
5.882500e+03,1.440000e+02,1.943092e+01,8.538194e+01,5.861806e+01
5.887500e+03,1.430000e+02,1.943847e+01,9.194424e+01,5.105576e+01
5.892500e+03,1.540000e+02,1.944602e+01,9.855050e+01,5.544950e+01
5.897500e+03,1.790000e+02,1.945357e+01,1.050986e+02,7.390141e+01
5.902500e+03,1.920000e+02,1.946112e+01,1.114790e+02,8.052099e+01
5.907500e+03,1.660000e+02,1.946867e+01,1.175777e+02,4.842227e+01
5.912500e+03,1.970000e+02,1.947622e+01,1.232794e+02,7.372057e+01
5.917500e+03,1.900000e+02,1.948377e+01,1.284711e+02,6.152890e+01
5.922500e+03,2.020000e+02,1.949132e+01,1.330457e+02,6.895428e+01
5.927500e+03,2.110000e+02,1.949887e+01,1.369058e+02,7.409416e+01
5.932500e+03,2.030000e+02,1.950642e+01,1.399671e+02,6.303290e+01
5.937500e+03,2.260000e+02,1.951397e+01,1.421613e+02,8.383873e+01
5.942500e+03,2.090000e+02,1.952151e+01,1.434387e+02,6.556128e+01
5.947500e+03,2.190000e+02,1.952906e+01,1.437704e+02,7.522964e+01
5.952500e+03,2.100000e+02,1.953661e+01,1.431487e+02,6.685129e+01
5.957500e+03,2.280000e+02,1.954416e+01,1.415878e+02,8.641220e+01
5.962500e+03,1.930000e+02,1.955171e+01,1.391243e+02,5.387570e+01
5.967500e+03,2.400000e+02,1.955926e+01,1.358134e+02,1.041866e+02
5.972500e+03,1.870000e+02,1.956681e+01,1.317288e+02,5.527124e+01
5.977500e+03,1.740000e+02,1.957436e+01,1.269592e+02,4.704079e+01
5.982500e+03,1.840000e+02,1.958191e+01,1.216056e+02,6.239444e+01
5.987500e+03,1.720000e+02,1.958946e+01,1.157770e+02,5.622296e+01
5.992500e+03,1.600000e+02,1.959701e+01,1.095877e+02,5.041233e+01
5.997500e+03,1.640000e+02,1.960456e+01,1.031526e+02,6.084741e+01
6.002500e+03,1.410000e+02,1.961211e+01,9.658457e+01,4.441543e+01
6.007500e+03,1.370000e+02,1.961966e+01,8.999084e+01,4.700916e+01
6.012500e+03,1.250000e+02,1.962720e+01,8.347040e+01,4.152960e+01
6.017500e+03,1.260000e+02,1.963475e+01,7.711185e+01,4.888815e+01
6.022500e+03,9.700000e+01,1.964230e+01,7.099168e+01,2.600832e+01
6.027500e+03,1.000000e+02,1.964985e+01,6.517339e+01,3.482661e+01
6.032500e+03,9.400000e+01,1.965740e+01,5.970691e+01,3.429309e+01
6.037500e+03,8.300000e+01,1.966495e+01,5.462875e+01,2.837125e+01
6.042500e+03,7.800000e+01,1.967250e+01,4.996258e+01,2.803742e+01
6.047500e+03,6.500000e+01,1.968005e+01,4.572014e+01,1.927986e+01
6.052500e+03,6.000000e+01,1.968760e+01,4.190253e+01,1.809747e+01
6.057500e+03,5.800000e+01,1.969515e+01,3.850163e+01,1.949837e+01
6.062500e+03,5.300000e+01,1.970270e+01,3.550174e+01,1.749826e+01
6.067500e+03,6.400000e+01,1.971025e+01,3.288111e+01,3.111889e+01
6.072500e+03,3.400000e+01,1.971780e+01,3.061357e+01,3.386433e+00
6.077500e+03,4.000000e+01,1.972535e+01,2.866997e+01,1.133003e+01
6.082500e+03,3.500000e+01,1.973289e+01,2.701952e+01,7.980478e+00
6.087500e+03,3.700000e+01,1.974044e+01,2.563093e+01,1.136907e+01
6.092500e+03,2.800000e+01,1.974799e+01,2.447337e+01,3.526630e+00
6.097500e+03,3.600000e+01,1.975554e+01,2.351722e+01,1.248278e+01
6.102500e+03,4.500000e+01,1.976309e+01,2.273467e+01,2.226533e+01
6.107500e+03,2.700000e+01,1.977064e+01,2.210009e+01,4.899908e+00
6.112500e+03,3.400000e+01,1.977819e+01,2.159028e+01,1.240972e+01
6.117500e+03,2.600000e+01,1.978574e+01,2.118458e+01,4.815424e+00
6.122500e+03,2.400000e+01,1.979329e+01,2.086484e+01,3.135157e+00
6.127500e+03,2.200000e+01,1.980084e+01,2.061539e+01,1.384605e+00
6.132500e+03,2.600000e+01,1.980839e+01,2.042284e+01,5.577158e+00
6.137500e+03,2.400000e+01,1.981594e+01,2.027589e+01,3.724106e+00
6.142500e+03,2.500000e+01,1.982349e+01,2.016516e+01,4.834845e+00
6.147500e+03,2.800000e+01,1.983104e+01,2.008289e+01,7.917107e+00
6.152500e+03,2.600000e+01,1.983858e+01,2.002282e+01,5.977184e+00
6.157500e+03,3.900000e+01,1.984613e+01,2.054386e+01,1.845614e+01
6.162500e+03,3.500000e+01,1.985368e+01,2.073918e+01,1.426082e+01
6.167500e+03,3.000000e+01,1.986123e+01,2.195632e+01,8.043682e+00
6.172500e+03,2.700000e+01,1.986878e+01,2.268683e+01,4.313166e+00
6.177500e+03,3.400000e+01,1.987633e+01,2.376758e+01,1.023242e+01
6.182500e+03,4.300000e+01,1.988388e+01,2.521857e+01,1.778143e+01
6.187500e+03,3.900000e+01,1.989143e+01,2.715263e+01,1.184737e+01
6.192500e+03,4.500000e+01,1.989898e+01,2.971166e+01,1.528834e+01
6.197500e+03,4.300000e+01,1.990653e+01,3.307231e+01,9.927689e+00
6.202500e+03,2.900000e+01,1.991408e+01,3.745231e+01,-8.452309e+00
6.207500e+03,4.600000e+01,1.992163e+01,4.311720e+01,2.882805e+00
6.212500e+03,5.300000e+01,1.992918e+01,5.038738e+01,2.612617e+00
6.217500e+03,4.800000e+01,1.993673e+01,5.964526e+01,-1.164526e+01
6.222500e+03,6.100000e+01,1.994427e+01,7.134197e+01,-1.034197e+01
6.227500e+03,4.900000e+01,1.995182e+01,8.600349e+01,-3.700349e+01
6.232500e+03,5.900000e+01,1.995937e+01,1.042355e+02,-4.523547e+01
6.237500e+03,7.100000e+01,1.996692e+01,1.267261e+02,-5.572614e+01
6.242500e+03,8.100000e+01,1.997447e+01,1.542469e+02,-7.324690e+01
6.247500e+03,9.300000e+01,1.998202e+01,1.876495e+02,-9.464951e+01
6.252500e+03,1.230000e+02,1.998957e+01,2.278594e+02,-1.048594e+02
6.257500e+03,1.450000e+02,1.999712e+01,2.758643e+02,-1.308643e+02
6.262500e+03,1.420000e+02,2.000467e+01,3.326977e+02,-1.906977e+02
6.267500e+03,1.920000e+02,2.001222e+01,3.994167e+02,-2.074167e+02
6.272500e+03,2.110000e+02,2.001977e+01,4.770735e+02,-2.660735e+02
6.277500e+03,2.570000e+02,2.002732e+01,5.666815e+02,-3.096815e+02
6.282500e+03,3.060000e+02,2.003487e+01,6.691754e+02,-3.631754e+02
6.287500e+03,3.410000e+02,2.004242e+01,7.853663e+02,-4.443663e+02
6.292500e+03,4.380000e+02,2.004996e+01,9.158939e+02,-4.778939e+02
6.297500e+03,5.680000e+02,2.005751e+01,1.061175e+03,-4.931754e+02
6.302500e+03,6.360000e+02,2.006506e+01,1.221355e+03,-5.853553e+02
6.307500e+03,7.920000e+02,2.007261e+01,1.396256e+03,-6.042562e+02
6.312500e+03,8.640000e+02,2.008016e+01,1.585335e+03,-7.213354e+02
6.317500e+03,1.032000e+03,2.008771e+01,1.787649e+03,-7.556486e+02
6.322500e+03,1.193000e+03,2.009526e+01,2.001822e+03,-8.088218e+02
6.327500e+03,1.348000e+03,2.010281e+01,2.226041e+03,-8.780408e+02
6.332500e+03,1.572000e+03,2.011036e+01,2.458050e+03,-8.860500e+02
6.337500e+03,1.712000e+03,2.011791e+01,2.695172e+03,-9.831724e+02
6.342500e+03,2.011000e+03,2.012546e+01,2.934345e+03,-9.233452e+02
6.347500e+03,2.289000e+03,2.013301e+01,3.172173e+03,-8.831733e+02
6.352500e+03,2.458000e+03,2.014056e+01,3.405003e+03,-9.470029e+02
6.357500e+03,2.628000e+03,2.014811e+01,3.629007e+03,-1.001007e+03
6.362500e+03,3.122000e+03,2.015565e+01,3.840288e+03,-7.182876e+02
6.367500e+03,3.253000e+03,2.016320e+01,4.034984e+03,-7.819841e+02
6.372500e+03,3.464000e+03,2.017075e+01,4.209393e+03,-7.453931e+02
6.377500e+03,3.693000e+03,2.017830e+01,4.360078e+03,-6.670781e+02
6.382500e+03,4.045000e+03,2.018585e+01,4.483991e+03,-4.389907e+02
6.387500e+03,4.229000e+03,2.019340e+01,4.578562e+03,-3.495625e+02
6.392500e+03,4.339000e+03,2.020095e+01,4.641804e+03,-3.028042e+02
6.397500e+03,4.497000e+03,2.020850e+01,4.672366e+03,-1.753657e+02
6.402500e+03,4.747000e+03,2.021605e+01,4.669592e+03,7.740820e+01
6.407500e+03,4.734000e+03,2.022360e+01,4.633540e+03,1.004600e+02
6.412500e+03,4.773000e+03,2.023115e+01,4.564982e+03,2.080181e+02
6.417500e+03,4.938000e+03,2.023870e+01,4.465373e+03,4.726274e+02
6.422500e+03,4.892000e+03,2.024625e+01,4.336804e+03,5.551958e+02
6.427500e+03,4.909000e+03,2.025380e+01,4.181927e+03,7.270728e+02
6.432500e+03,4.755000e+03,2.026134e+01,4.003863e+03,7.511367e+02
6.437500e+03,4.725000e+03,2.026889e+01,3.806100e+03,9.188997e+02
6.442500e+03,4.570000e+03,2.027644e+01,3.592378e+03,9.776216e+02
6.447500e+03,4.363000e+03,2.028399e+01,3.366573e+03,9.964272e+02
6.452500e+03,4.145000e+03,2.029154e+01,3.132580e+03,1.012420e+03
6.457500e+03,3.793000e+03,2.029909e+01,2.894209e+03,8.987913e+02
6.462500e+03,3.599000e+03,2.030664e+01,2.655078e+03,9.439224e+02
6.467500e+03,3.486000e+03,2.031419e+01,2.418534e+03,1.067466e+03
6.472500e+03,3.159000e+03,2.032174e+01,2.187584e+03,9.714158e+02
6.477500e+03,2.849000e+03,2.032929e+01,1.964839e+03,8.841613e+02
6.482500e+03,2.602000e+03,2.033684e+01,1.752483e+03,8.495170e+02
6.487500e+03,2.389000e+03,2.034439e+01,1.552260e+03,8.367395e+02
6.492500e+03,2.125000e+03,2.035194e+01,1.365472e+03,7.595276e+02
6.497500e+03,1.959000e+03,2.035949e+01,1.192995e+03,7.660049e+02
6.502500e+03,1.669000e+03,2.036703e+01,1.035308e+03,6.336921e+02
6.507500e+03,1.478000e+03,2.037458e+01,8.925303e+02,5.854697e+02
6.512500e+03,1.253000e+03,2.038213e+01,7.644678e+02,4.885322e+02
6.517500e+03,1.070000e+03,2.038968e+01,6.506613e+02,4.193387e+02
6.522500e+03,9.440000e+02,2.039723e+01,5.504370e+02,3.935630e+02
6.527500e+03,7.660000e+02,2.040478e+01,4.629578e+02,3.030422e+02
6.532500e+03,6.890000e+02,2.041233e+01,3.872708e+02,3.017292e+02
6.537500e+03,6.220000e+02,2.041988e+01,3.223516e+02,2.996484e+02
6.542500e+03,4.660000e+02,2.042743e+01,2.671428e+02,1.988572e+02
6.547500e+03,4.160000e+02,2.043498e+01,2.205879e+02,1.954121e+02
6.552500e+03,3.130000e+02,2.044253e+01,1.816580e+02,1.313420e+02
6.557500e+03,2.910000e+02,2.045008e+01,1.493733e+02,1.416267e+02
6.562500e+03,2.170000e+02,2.045763e+01,1.228193e+02,9.418066e+01
6.567500e+03,1.630000e+02,2.046518e+01,1.011565e+02,6.184348e+01
6.572500e+03,1.430000e+02,2.047272e+01,8.362683e+01,5.937317e+01
6.577500e+03,1.170000e+02,2.048027e+01,6.955569e+01,4.744431e+01
6.582500e+03,1.110000e+02,2.048782e+01,5.835102e+01,5.264898e+01
6.587500e+03,9.300000e+01,2.049537e+01,4.949986e+01,4.350014e+01
6.592500e+03,7.700000e+01,2.050292e+01,4.256326e+01,3.443674e+01
6.597500e+03,7.200000e+01,2.051047e+01,3.717005e+01,3.482995e+01
6.602500e+03,5.800000e+01,2.051802e+01,3.300988e+01,2.499012e+01
6.607500e+03,5.100000e+01,2.052557e+01,2.982613e+01,2.117387e+01
6.612500e+03,5.000000e+01,2.053312e+01,2.740888e+01,2.259112e+01
6.617500e+03,4.300000e+01,2.054067e+01,2.558812e+01,1.741188e+01
6.622500e+03,3.200000e+01,2.054822e+01,2.422763e+01,7.772373e+00
6.627500e+03,2.400000e+01,2.055577e+01,2.276613e+01,1.233866e+00
6.632500e+03,3.100000e+01,2.056332e+01,2.215811e+01,8.841894e+00
6.637500e+03,3.400000e+01,2.057087e+01,2.058774e+01,1.341226e+01
6.642500e+03,2.700000e+01,2.057841e+01,2.059273e+01,6.407274e+00
6.647500e+03,1.500000e+01,2.058596e+01,2.059802e+01,-5.598017e+00
6.652500e+03,2.100000e+01,2.059351e+01,2.060359e+01,3.964081e-01
6.657500e+03,2.700000e+01,2.060106e+01,2.060943e+01,6.390572e+00
6.662500e+03,3.000000e+01,2.060861e+01,2.061551e+01,9.384491e+00
6.667500e+03,2.200000e+01,2.061616e+01,2.062181e+01,1.378195e+00
6.672500e+03,2.400000e+01,2.062371e+01,2.062830e+01,3.371704e+00
6.677500e+03,2.100000e+01,2.063126e+01,2.063496e+01,3.650398e-01
6.682500e+03,3.100000e+01,2.063881e+01,2.064177e+01,1.035823e+01
6.687500e+03,2.000000e+01,2.064258e+01,2.064494e+01,-6.449356e-01
6.692500e+03,1.800000e+01,2.105469e+01,2.105655e+01,-3.056549e+00
6.697500e+03,2.500000e+01,2.144531e+01,2.144677e+01,3.553228e+00
6.702500e+03,2.800000e+01,2.181055e+01,2.181168e+01,6.188318e+00
6.707500e+03,2.100000e+01,2.215625e+01,2.215713e+01,-1.157127e+00
6.712500e+03,2.400000e+01,2.247461e+01,2.247528e+01,1.524717e+00
6.717500e+03,1.700000e+01,2.276758e+01,2.276809e+01,-5.768091e+00
6.722500e+03,2.200000e+01,2.303711e+01,2.303750e+01,-1.037497e+00
6.727500e+03,2.400000e+01,2.328516e+01,2.328545e+01,7.145519e-01
6.732500e+03,2.000000e+01,2.350781e+01,2.350803e+01,-3.508030e+00
6.737500e+03,1.800000e+01,2.370898e+01,2.370914e+01,-5.709145e+00
6.742500e+03,2.200000e+01,2.388281e+01,2.388293e+01,-1.882931e+00
6.747500e+03,3.000000e+01,2.403516e+01,2.403524e+01,5.964758e+00
6.752500e+03,3.300000e+01,2.416211e+01,2.416217e+01,8.837828e+00
6.757500e+03,2.200000e+01,2.426562e+01,2.426567e+01,-2.265671e+00
6.762500e+03,2.500000e+01,2.434961e+01,2.434961e+01,6.503906e-01
6.767500e+03,2.800000e+01,2.440625e+01,2.440625e+01,3.593750e+00
6.772500e+03,1.800000e+01,2.443750e+01,2.443750e+01,-6.437500e+00
6.777500e+03,2.300000e+01,2.444531e+01,2.444531e+01,-1.445312e+00
6.782500e+03,3.300000e+01,2.442969e+01,2.442969e+01,8.570312e+00
6.787500e+03,1.300000e+01,2.439453e+01,2.439453e+01,-1.139453e+01
6.792500e+03,2.900000e+01,2.433203e+01,2.433203e+01,4.667969e+00
6.797500e+03,3.000000e+01,2.424805e+01,2.424805e+01,5.751953e+00
6.802500e+03,2.400000e+01,2.422176e+01,2.422176e+01,-2.217636e-01
6.807500e+03,2.600000e+01,2.419548e+01,2.419548e+01,1.804520e+00
6.812500e+03,2.700000e+01,2.416920e+01,2.435307e+01,2.646931e+00
6.817500e+03,3.200000e+01,2.414291e+01,2.439791e+01,7.602085e+00
6.822500e+03,3.500000e+01,2.411663e+01,2.446791e+01,1.053209e+01
6.827500e+03,2.700000e+01,2.409035e+01,2.457100e+01,2.429005e+00
6.832500e+03,3.100000e+01,2.406406e+01,2.471732e+01,6.282677e+00
6.837500e+03,3.400000e+01,2.403778e+01,2.491969e+01,9.080313e+00
6.842500e+03,2.600000e+01,2.401150e+01,2.519410e+01,8.059044e-01
6.847500e+03,3.900000e+01,2.398521e+01,2.556039e+01,1.343961e+01
6.852500e+03,3.600000e+01,2.395893e+01,2.604294e+01,9.957064e+00
6.857500e+03,4.000000e+01,2.393265e+01,2.667136e+01,1.332864e+01
6.862500e+03,3.800000e+01,2.390636e+01,2.748133e+01,1.051867e+01
6.867500e+03,4.200000e+01,2.388008e+01,2.851534e+01,1.348466e+01
6.872500e+03,4.300000e+01,2.385380e+01,2.982352e+01,1.317648e+01
6.877500e+03,3.800000e+01,2.382751e+01,3.146433e+01,6.535671e+00
6.882500e+03,5.200000e+01,2.380123e+01,3.350517e+01,1.849483e+01
6.887500e+03,4.500000e+01,2.377495e+01,3.602283e+01,8.977165e+00
6.892500e+03,5.800000e+01,2.374866e+01,3.910374e+01,1.889626e+01
6.897500e+03,5.300000e+01,2.372238e+01,4.284383e+01,1.015617e+01
6.902500e+03,6.600000e+01,2.369610e+01,4.734805e+01,1.865195e+01
6.907500e+03,7.200000e+01,2.366982e+01,5.272949e+01,1.927051e+01
6.912500e+03,7.300000e+01,2.364353e+01,5.910790e+01,1.389210e+01
6.917500e+03,8.200000e+01,2.361725e+01,6.660764e+01,1.539236e+01
6.922500e+03,8.300000e+01,2.359097e+01,7.535502e+01,7.644981e+00
6.927500e+03,8.400000e+01,2.356468e+01,8.547496e+01,-1.474960e+00
6.932500e+03,1.040000e+02,2.353840e+01,9.708708e+01,6.912918e+00
6.937500e+03,1.140000e+02,2.351212e+01,1.103011e+02,3.698891e+00
6.942500e+03,1.030000e+02,2.348583e+01,1.252119e+02,-2.221186e+01
6.947500e+03,1.190000e+02,2.345955e+01,1.418938e+02,-2.289377e+01
6.952500e+03,1.590000e+02,2.343327e+01,1.603952e+02,-1.395203e+00
6.957500e+03,1.420000e+02,2.340698e+01,1.807329e+02,-3.873291e+01
6.962500e+03,1.560000e+02,2.338070e+01,2.028864e+02,-4.688644e+01
6.967500e+03,1.800000e+02,2.335442e+01,2.267933e+02,-4.679332e+01
6.972500e+03,1.910000e+02,2.332813e+01,2.523449e+02,-6.134494e+01
6.977500e+03,2.160000e+02,2.330185e+01,2.793834e+02,-6.338342e+01
6.982500e+03,2.560000e+02,2.327557e+01,3.077001e+02,-5.170007e+01
6.987500e+03,2.860000e+02,2.324928e+01,3.370351e+02,-5.103510e+01
6.992500e+03,2.900000e+02,2.322300e+01,3.670795e+02,-7.707947e+01
6.997500e+03,2.960000e+02,2.319672e+01,3.974786e+02,-1.014786e+02
7.002500e+03,3.430000e+02,2.317043e+01,4.278377e+02,-8.483771e+01
7.007500e+03,3.840000e+02,2.314415e+01,4.577294e+02,-7.372937e+01
7.012500e+03,4.100000e+02,2.311787e+01,4.867030e+02,-7.670300e+01
7.017500e+03,4.360000e+02,2.309158e+01,5.142954e+02,-7.829541e+01
7.022500e+03,4.670000e+02,2.306530e+01,5.400427e+02,-7.304272e+01
7.027500e+03,4.640000e+02,2.303902e+01,5.634934e+02,-9.949341e+01
7.032500e+03,5.070000e+02,2.301273e+01,5.842213e+02,-7.722125e+01
7.037500e+03,5.510000e+02,2.298645e+01,6.018378e+02,-5.083777e+01
7.042500e+03,5.480000e+02,2.296017e+01,6.160049e+02,-6.800488e+01
7.047500e+03,6.010000e+02,2.293388e+01,6.264454e+02,-2.544543e+01
7.052500e+03,5.930000e+02,2.290760e+01,6.329518e+02,-3.995184e+01
7.057500e+03,6.220000e+02,2.288132e+01,6.353936e+02,-1.339355e+01
7.062500e+03,6.050000e+02,2.285503e+01,6.337208e+02,-2.872083e+01
7.067500e+03,6.390000e+02,2.282875e+01,6.279669e+02,1.103314e+01
7.072500e+03,6.420000e+02,2.280247e+01,6.182465e+02,2.375354e+01
7.077500e+03,6.460000e+02,2.277618e+01,6.047520e+02,4.124805e+01
7.082500e+03,6.350000e+02,2.274990e+01,5.877474e+02,4.725256e+01
7.087500e+03,6.290000e+02,2.272362e+01,5.675598e+02,6.144025e+01
7.092500e+03,6.210000e+02,2.269733e+01,5.445679e+02,7.643207e+01
7.097500e+03,5.890000e+02,2.267105e+01,5.191919e+02,6.980811e+01
7.102500e+03,5.800000e+02,2.264477e+01,4.918791e+02,8.812094e+01
7.107500e+03,5.270000e+02,2.261848e+01,4.630919e+02,6.390814e+01
7.112500e+03,5.280000e+02,2.259220e+01,4.332946e+02,9.470541e+01
7.117500e+03,5.020000e+02,2.256592e+01,4.029413e+02,9.905865e+01
7.122500e+03,4.680000e+02,2.253963e+01,3.724649e+02,9.553506e+01
7.127500e+03,3.970000e+02,2.251335e+01,3.422673e+02,5.473273e+01
7.132500e+03,4.240000e+02,2.248707e+01,3.127115e+02,1.112885e+02
7.137500e+03,3.760000e+02,2.246078e+01,2.841163e+02,9.188373e+01
7.142500e+03,3.650000e+02,2.243450e+01,2.567513e+02,1.082487e+02
7.147500e+03,3.180000e+02,2.240822e+01,2.308354e+02,8.716455e+01
7.152500e+03,2.680000e+02,2.238194e+01,2.065368e+02,6.146317e+01
7.157500e+03,2.680000e+02,2.235565e+01,1.839736e+02,8.402637e+01
7.162500e+03,2.270000e+02,2.232937e+01,1.632173e+02,6.378271e+01
7.167500e+03,2.220000e+02,2.230309e+01,1.442963e+02,7.770374e+01
7.172500e+03,2.150000e+02,2.227680e+01,1.272008e+02,8.779919e+01
7.177500e+03,1.780000e+02,2.225052e+01,1.118885e+02,6.611153e+01
7.182500e+03,1.510000e+02,2.222424e+01,9.828954e+01,5.271046e+01
7.187500e+03,1.370000e+02,2.219795e+01,8.631285e+01,5.068715e+01
7.192500e+03,1.240000e+02,2.217167e+01,7.585123e+01,4.814877e+01
7.197500e+03,1.010000e+02,2.214539e+01,6.678667e+01,3.421333e+01
7.202500e+03,8.700000e+01,2.211910e+01,5.899494e+01,2.800506e+01
7.207500e+03,7.100000e+01,2.209282e+01,5.234975e+01,1.865025e+01
7.212500e+03,5.900000e+01,2.206654e+01,4.675867e+01,1.224133e+01
7.217500e+03,5.900000e+01,2.204025e+01,4.204785e+01,1.695215e+01
7.222500e+03,4.900000e+01,2.201397e+01,3.812730e+01,1.087270e+01
7.227500e+03,5.100000e+01,2.198769e+01,3.500630e+01,1.599370e+01
7.232500e+03,3.800000e+01,2.196140e+01,3.240230e+01,5.597702e+00
7.237500e+03,2.800000e+01,2.193512e+01,3.031536e+01,-2.315357e+00
7.242500e+03,3.800000e+01,2.190884e+01,2.867377e+01,9.326235e+00
7.247500e+03,3.100000e+01,2.188255e+01,2.741703e+01,3.582968e+00
7.252500e+03,3.200000e+01,2.185627e+01,2.649586e+01,5.504145e+00
7.257500e+03,2.800000e+01,2.182999e+01,2.587192e+01,2.128084e+00
7.262500e+03,2.200000e+01,2.180370e+01,2.551763e+01,-3.517632e+00
7.267500e+03,1.300000e+01,2.177742e+01,2.541584e+01,-1.241584e+01
7.272500e+03,2.400000e+01,2.175114e+01,2.555952e+01,-1.559525e+00
7.277500e+03,1.700000e+01,2.172485e+01,2.595152e+01,-8.951515e+00
7.282500e+03,1.600000e+01,2.169857e+01,2.660425e+01,-1.060425e+01
7.287500e+03,2.200000e+01,2.167229e+01,2.753956e+01,-5.539557e+00
7.292500e+03,2.700000e+01,2.164600e+01,2.878841e+01,-1.788406e+00
7.297500e+03,2.300000e+01,2.161972e+01,3.039069e+01,-7.390688e+00
7.302500e+03,2.100000e+01,2.159344e+01,3.219847e+01,-1.119847e+01
7.307500e+03,2.700000e+01,2.156715e+01,3.471675e+01,-7.716751e+00
7.312500e+03,2.700000e+01,2.154087e+01,3.774279e+01,-1.074279e+01
7.317500e+03,2.000000e+01,2.151459e+01,4.135149e+01,-2.135149e+01
7.322500e+03,3.300000e+01,2.148830e+01,4.562259e+01,-1.262259e+01
7.327500e+03,2.100000e+01,2.146202e+01,5.063950e+01,-2.963950e+01
7.332500e+03,3.900000e+01,2.143574e+01,5.648782e+01,-1.748782e+01
7.337500e+03,3.100000e+01,2.140945e+01,6.325333e+01,-3.225333e+01
7.342500e+03,4.000000e+01,2.138317e+01,7.101978e+01,-3.101978e+01
7.347500e+03,4.700000e+01,2.135689e+01,7.986606e+01,-3.286606e+01
7.352500e+03,3.900000e+01,2.133060e+01,8.986319e+01,-5.086319e+01
7.357500e+03,5.600000e+01,2.130432e+01,1.010710e+02,-4.507097e+01
7.362500e+03,6.000000e+01,2.127804e+01,1.135344e+02,-5.353441e+01
7.367500e+03,8.800000e+01,2.125175e+01,1.272800e+02,-3.928004e+01
7.372500e+03,7.400000e+01,2.122547e+01,1.423124e+02,-6.831238e+01
7.377500e+03,1.100000e+02,2.119919e+01,1.586105e+02,-4.861047e+01
7.382500e+03,1.100000e+02,2.117290e+01,1.761249e+02,-6.612488e+01
7.387500e+03,1.160000e+02,2.114662e+01,1.947750e+02,-7.877501e+01
7.392500e+03,1.280000e+02,2.112034e+01,2.144476e+02,-8.644760e+01
7.397500e+03,1.460000e+02,2.109406e+01,2.349956e+02,-8.899557e+01
7.402500e+03,1.780000e+02,2.106777e+01,2.562381e+02,-7.823813e+01
7.407500e+03,1.970000e+02,2.104149e+01,2.779621e+02,-8.096210e+01
7.412500e+03,2.230000e+02,2.101521e+01,2.999242e+02,-7.692422e+01
7.417500e+03,2.250000e+02,2.098892e+01,3.218549e+02,-9.685489e+01
7.422500e+03,2.770000e+02,2.096264e+01,3.434629e+02,-6.646289e+01
7.427500e+03,2.880000e+02,2.093636e+01,3.644415e+02,-7.644147e+01
7.432500e+03,3.320000e+02,2.091007e+01,3.844751e+02,-5.247507e+01
7.437500e+03,3.030000e+02,2.088379e+01,4.032472e+02,-1.002472e+02
7.442500e+03,3.650000e+02,2.085751e+01,4.204484e+02,-5.544836e+01
7.447500e+03,3.720000e+02,2.083122e+01,4.357847e+02,-6.378467e+01
7.452500e+03,3.960000e+02,2.080494e+01,4.489859e+02,-5.298590e+01
7.457500e+03,4.000000e+02,2.077866e+01,4.598137e+02,-5.981372e+01
7.462500e+03,4.140000e+02,2.075237e+01,4.680684e+02,-5.406839e+01
7.467500e+03,4.780000e+02,2.072609e+01,4.735952e+02,4.404785e+00
7.472500e+03,4.460000e+02,2.069981e+01,4.762892e+02,-3.028915e+01
7.477500e+03,4.700000e+02,2.067352e+01,4.760984e+02,-6.098358e+00
7.482500e+03,5.010000e+02,2.064724e+01,4.730254e+02,2.797458e+01
7.487500e+03,4.900000e+02,2.062096e+01,4.671277e+02,2.287231e+01
7.492500e+03,4.990000e+02,2.059467e+01,4.585153e+02,4.048468e+01
7.497500e+03,4.580000e+02,2.056839e+01,4.473478e+02,1.065216e+01
7.502500e+03,5.060000e+02,2.054211e+01,4.338291e+02,7.217087e+01
7.507500e+03,5.060000e+02,2.051582e+01,4.182014e+02,8.779858e+01
7.512500e+03,4.710000e+02,2.048954e+01,4.007380e+02,7.026199e+01
7.517500e+03,4.370000e+02,2.046326e+01,3.817351e+02,5.526492e+01
7.522500e+03,4.130000e+02,2.043697e+01,3.615037e+02,5.149631e+01
7.527500e+03,3.760000e+02,2.041069e+01,3.403613e+02,3.563873e+01
7.532500e+03,3.570000e+02,2.038441e+01,3.186233e+02,3.837671e+01
7.537500e+03,3.700000e+02,2.035812e+01,2.965959e+02,7.340408e+01
7.542500e+03,3.410000e+02,2.033184e+01,2.745690e+02,6.643097e+01
7.547500e+03,3.510000e+02,2.030556e+01,2.528102e+02,9.818977e+01
7.552500e+03,2.810000e+02,2.027927e+01,2.315604e+02,4.943964e+01
7.557500e+03,2.880000e+02,2.025299e+01,2.110298e+02,7.697025e+01
7.562500e+03,2.760000e+02,2.022671e+01,1.913960e+02,8.460400e+01
7.567500e+03,2.360000e+02,2.020042e+01,1.728028e+02,6.319716e+01
7.572500e+03,2.440000e+02,2.017414e+01,1.553601e+02,8.863986e+01
7.577500e+03,1.880000e+02,2.014786e+01,1.391450e+02,4.885503e+01
7.582500e+03,1.640000e+02,2.012157e+01,1.242035e+02,3.979655e+01
7.587500e+03,1.520000e+02,2.009529e+01,1.105534e+02,4.144659e+01
7.592500e+03,1.500000e+02,2.006901e+01,9.818738e+01,5.181262e+01
7.597500e+03,1.140000e+02,2.004272e+01,8.707620e+01,2.692380e+01
7.602500e+03,1.130000e+02,2.001644e+01,7.717258e+01,3.582742e+01
7.607500e+03,9.900000e+01,1.999016e+01,6.841477e+01,3.058523e+01
7.612500e+03,6.300000e+01,1.996387e+01,6.073018e+01,2.269825e+00
7.617500e+03,7.500000e+01,1.993759e+01,5.403866e+01,2.096134e+01
7.622500e+03,6.200000e+01,1.991131e+01,4.825560e+01,1.374440e+01
7.627500e+03,6.900000e+01,1.988503e+01,4.329463e+01,2.570537e+01
7.632500e+03,4.900000e+01,1.985874e+01,3.906988e+01,9.930119e+00
7.637500e+03,4.600000e+01,1.983246e+01,3.549788e+01,1.050212e+01
7.642500e+03,4.800000e+01,1.980618e+01,3.249908e+01,1.550092e+01
7.647500e+03,3.000000e+01,1.977989e+01,2.999891e+01,1.091003e-03
7.652500e+03,4.400000e+01,1.975361e+01,2.792858e+01,1.607142e+01
7.657500e+03,3.400000e+01,1.972733e+01,2.622552e+01,7.774485e+00
7.662500e+03,2.800000e+01,1.970104e+01,2.483352e+01,3.166481e+00
7.667500e+03,2.600000e+01,1.967476e+01,2.370276e+01,2.297241e+00
7.672500e+03,2.000000e+01,1.964848e+01,2.278956e+01,-2.789562e+00
7.677500e+03,2.800000e+01,1.962219e+01,2.205606e+01,5.943935e+00
7.682500e+03,2.500000e+01,1.959591e+01,2.146979e+01,3.530207e+00
7.687500e+03,1.400000e+01,1.956963e+01,2.100318e+01,-7.003181e+00
7.692500e+03,1.500000e+01,1.954334e+01,2.063306e+01,-5.633059e+00
7.697500e+03,1.500000e+01,1.951706e+01,2.034013e+01,-5.340132e+00
7.702500e+03,2.000000e+01,1.949078e+01,2.010849e+01,-1.084919e-01
7.707500e+03,1.300000e+01,1.946449e+01,1.992514e+01,-6.925137e+00
7.712500e+03,2.000000e+01,1.943821e+01,1.975303e+01,2.469730e-01
7.717500e+03,2.400000e+01,1.941193e+01,1.964412e+01,4.355883e+00
7.722500e+03,2.000000e+01,1.938564e+01,1.955580e+01,4.442043e-01
7.727500e+03,1.300000e+01,1.935936e+01,1.935936e+01,-6.359360e+00
7.732500e+03,1.700000e+01,1.933308e+01,1.933308e+01,-2.333076e+00
7.737500e+03,1.800000e+01,1.930679e+01,1.930679e+01,-1.306793e+00
7.742500e+03,1.200000e+01,1.928051e+01,1.928051e+01,-7.280510e+00
7.747500e+03,1.700000e+01,1.925423e+01,1.925423e+01,-2.254227e+00
7.752500e+03,1.200000e+01,1.922794e+01,1.922794e+01,-7.227943e+00
7.757500e+03,1.600000e+01,1.920166e+01,1.920166e+01,-3.201660e+00
7.762500e+03,8.000000e+00,1.917538e+01,1.917538e+01,-1.117538e+01
7.767500e+03,1.700000e+01,1.914909e+01,1.914909e+01,-2.149094e+00
7.772500e+03,1.700000e+01,1.912281e+01,1.912281e+01,-2.122810e+00
7.777500e+03,2.000000e+01,1.909653e+01,1.909653e+01,9.034729e-01
7.782500e+03,1.900000e+01,1.907024e+01,1.907024e+01,-7.024384e-02
7.787500e+03,2.300000e+01,1.904396e+01,1.904396e+01,3.956039e+00
7.792500e+03,2.300000e+01,1.901768e+01,1.901768e+01,3.982323e+00
7.797500e+03,1.600000e+01,1.899139e+01,1.899139e+01,-2.991394e+00
7.802500e+03,2.300000e+01,1.896511e+01,1.896511e+01,4.034889e+00
7.807500e+03,1.900000e+01,1.893883e+01,1.893883e+01,6.117249e-02
7.812500e+03,1.900000e+01,1.891254e+01,1.891254e+01,8.745575e-02
7.817500e+03,1.800000e+01,1.888626e+01,1.888626e+01,-8.862610e-01
7.822500e+03,1.900000e+01,1.885998e+01,1.885998e+01,1.400223e-01
7.827500e+03,1.700000e+01,1.883369e+01,1.883369e+01,-1.833694e+00
7.832500e+03,2.000000e+01,1.880741e+01,1.880741e+01,1.192589e+00
7.837500e+03,1.500000e+01,1.878113e+01,1.878113e+01,-3.781128e+00
7.842500e+03,2.400000e+01,1.875484e+01,1.875484e+01,5.245155e+00
7.847500e+03,2.900000e+01,1.872856e+01,1.872856e+01,1.027144e+01
7.852500e+03,2.200000e+01,1.870228e+01,1.870228e+01,3.297722e+00
7.857500e+03,1.900000e+01,1.867599e+01,1.867599e+01,3.240051e-01
7.862500e+03,2.500000e+01,1.864971e+01,1.864971e+01,6.350288e+00
7.867500e+03,2.300000e+01,1.862343e+01,1.862343e+01,4.376572e+00
7.872500e+03,1.700000e+01,1.859715e+01,1.859715e+01,-1.597145e+00
7.877500e+03,3.000000e+01,1.857086e+01,1.857086e+01,1.142914e+01
7.882500e+03,3.100000e+01,1.854458e+01,1.854458e+01,1.245542e+01
7.887500e+03,2.700000e+01,1.851830e+01,1.851830e+01,8.481705e+00
7.892500e+03,5.000000e+01,1.849201e+01,1.849201e+01,3.150799e+01
7.897500e+03,4.900000e+01,1.846573e+01,1.846573e+01,3.053427e+01
7.902500e+03,4.700000e+01,1.843945e+01,1.843945e+01,2.856055e+01
7.907500e+03,6.100000e+01,1.841316e+01,1.841316e+01,4.258684e+01
7.912500e+03,5.800000e+01,1.838688e+01,1.838688e+01,3.961312e+01
7.917500e+03,6.900000e+01,1.836060e+01,1.836060e+01,5.063940e+01
7.922500e+03,7.900000e+01,1.833431e+01,1.833431e+01,6.066569e+01
7.927500e+03,8.800000e+01,1.830803e+01,1.830803e+01,6.969197e+01
7.932500e+03,9.700000e+01,1.828175e+01,1.828175e+01,7.871825e+01
7.937500e+03,1.210000e+02,1.825546e+01,1.825546e+01,1.027445e+02
7.942500e+03,1.450000e+02,1.822918e+01,1.822918e+01,1.267708e+02
7.947500e+03,1.610000e+02,1.820290e+01,1.820290e+01,1.427971e+02
7.952500e+03,1.870000e+02,1.817661e+01,1.817661e+01,1.688234e+02
7.957500e+03,2.060000e+02,1.815033e+01,1.815033e+01,1.878497e+02
7.962500e+03,2.470000e+02,1.812405e+01,1.812405e+01,2.288759e+02
7.967500e+03,2.520000e+02,1.809776e+01,1.809776e+01,2.339022e+02
7.972500e+03,2.630000e+02,1.807148e+01,1.807148e+01,2.449285e+02
7.977500e+03,3.000000e+02,1.804520e+01,1.804520e+01,2.819548e+02
7.982500e+03,3.410000e+02,1.801891e+01,1.801891e+01,3.229811e+02
7.987500e+03,3.750000e+02,1.799263e+01,1.799263e+01,3.570074e+02
7.992500e+03,4.120000e+02,1.796635e+01,1.796635e+01,3.940337e+02
7.997500e+03,4.360000e+02,1.794006e+01,1.794006e+01,4.180599e+02
8.002500e+03,4.950000e+02,1.791378e+01,1.793113e+01,4.770689e+02
8.007500e+03,4.860000e+02,1.788750e+01,1.791109e+01,4.680889e+02
8.012500e+03,5.840000e+02,1.786121e+01,1.789313e+01,5.661069e+02
8.017500e+03,5.670000e+02,1.783493e+01,1.787783e+01,5.491222e+02
8.022500e+03,6.160000e+02,1.780865e+01,1.786598e+01,5.981340e+02
8.027500e+03,6.230000e+02,1.778236e+01,1.785853e+01,6.051415e+02
8.032500e+03,6.590000e+02,1.775608e+01,1.785667e+01,6.411433e+02
8.037500e+03,7.440000e+02,1.772980e+01,1.786185e+01,7.261381e+02
8.042500e+03,7.430000e+02,1.770351e+01,1.787586e+01,7.251241e+02
8.047500e+03,6.760000e+02,1.767723e+01,1.790083e+01,6.580992e+02
8.052500e+03,7.290000e+02,1.765095e+01,1.793932e+01,7.110607e+02
8.057500e+03,6.550000e+02,1.762466e+01,1.799439e+01,6.370056e+02
8.062500e+03,6.920000e+02,1.759838e+01,1.806960e+01,6.739304e+02
8.067500e+03,7.400000e+02,1.757210e+01,1.816913e+01,7.218309e+02
8.072500e+03,7.110000e+02,1.754581e+01,1.829778e+01,6.927022e+02
8.077500e+03,6.920000e+02,1.751953e+01,1.846105e+01,6.735389e+02
8.082500e+03,6.950000e+02,1.749325e+01,1.866512e+01,6.763349e+02
8.087500e+03,6.990000e+02,1.746696e+01,1.891695e+01,6.800831e+02
8.092500e+03,6.230000e+02,1.744068e+01,1.922417e+01,6.037758e+02
8.097500e+03,6.120000e+02,1.741440e+01,1.959514e+01,5.924048e+02
8.102500e+03,5.900000e+02,1.738811e+01,2.003885e+01,5.699612e+02
8.107500e+03,5.670000e+02,1.736183e+01,2.056481e+01,5.464352e+02
8.112500e+03,5.300000e+02,1.733555e+01,2.118296e+01,5.088170e+02
8.117500e+03,4.960000e+02,1.730927e+01,2.190347e+01,4.740965e+02
8.122500e+03,5.010000e+02,1.728298e+01,2.273653e+01,4.782635e+02
8.127500e+03,4.380000e+02,1.725670e+01,2.369208e+01,4.143079e+02
8.132500e+03,3.860000e+02,1.723042e+01,2.477954e+01,3.612205e+02
8.137500e+03,3.510000e+02,1.720413e+01,2.600743e+01,3.249926e+02
8.142500e+03,3.140000e+02,1.717785e+01,2.738304e+01,2.866170e+02
8.147500e+03,2.810000e+02,1.715157e+01,2.891200e+01,2.520880e+02
8.152500e+03,2.760000e+02,1.712528e+01,3.059792e+01,2.454021e+02
8.157500e+03,2.450000e+02,1.709900e+01,3.244195e+01,2.125580e+02
8.162500e+03,2.220000e+02,1.707272e+01,3.444239e+01,1.875576e+02
8.167500e+03,1.990000e+02,1.704643e+01,3.659439e+01,1.624056e+02
8.172500e+03,2.080000e+02,1.702015e+01,3.888960e+01,1.691104e+02
8.177500e+03,1.610000e+02,1.699387e+01,4.131596e+01,1.196840e+02
8.182500e+03,1.820000e+02,1.696758e+01,4.385760e+01,1.381424e+02
8.187500e+03,1.570000e+02,1.694130e+01,4.649473e+01,1.105053e+02
8.192500e+03,1.550000e+02,1.691502e+01,4.920379e+01,1.057962e+02
8.197500e+03,1.130000e+02,1.688873e+01,5.195762e+01,6.104238e+01
8.202500e+03,1.040000e+02,1.686245e+01,5.472581e+01,4.927419e+01
8.207500e+03,8.800000e+01,1.683617e+01,5.747519e+01,3.052481e+01
8.212500e+03,8.400000e+01,1.680988e+01,6.017036e+01,2.382964e+01
8.217500e+03,7.300000e+01,1.678360e+01,6.277448e+01,1.022552e+01
8.222500e+03,7.900000e+01,1.675732e+01,6.524999e+01,1.375001e+01
8.227500e+03,8.200000e+01,1.673103e+01,6.755954e+01,1.444046e+01
8.232500e+03,8.400000e+01,1.670475e+01,6.966687e+01,1.433313e+01
8.237500e+03,8.800000e+01,1.667847e+01,7.153777e+01,1.646223e+01
8.242500e+03,6.600000e+01,1.665218e+01,7.314091e+01,-7.140915e+00
8.247500e+03,8.200000e+01,1.662590e+01,7.444885e+01,7.551147e+00
8.252500e+03,1.050000e+02,1.659962e+01,7.543864e+01,2.956136e+01
8.257500e+03,8.300000e+01,1.657333e+01,7.609259e+01,6.907410e+00
8.262500e+03,7.600000e+01,1.654705e+01,7.639873e+01,-3.987274e-01
8.267500e+03,7.400000e+01,1.652077e+01,7.635117e+01,-2.351166e+00
8.272500e+03,9.300000e+01,1.649448e+01,7.595029e+01,1.704971e+01
8.277500e+03,7.400000e+01,1.646820e+01,7.520273e+01,-1.202728e+00
8.282500e+03,7.600000e+01,1.644192e+01,7.412115e+01,1.878845e+00
8.287500e+03,8.100000e+01,1.641563e+01,7.272392e+01,8.276077e+00
8.292500e+03,7.000000e+01,1.638935e+01,7.103454e+01,-1.034538e+00
8.297500e+03,8.500000e+01,1.636307e+01,6.908099e+01,1.591901e+01
8.302500e+03,8.900000e+01,1.633678e+01,6.689497e+01,2.210503e+01
8.307500e+03,8.200000e+01,1.631050e+01,6.451099e+01,1.748901e+01
8.312500e+03,7.700000e+01,1.628422e+01,6.196550e+01,1.503450e+01
8.317500e+03,7.000000e+01,1.625793e+01,5.929591e+01,1.070409e+01
8.322500e+03,7.900000e+01,1.623165e+01,5.653974e+01,2.246026e+01
8.327500e+03,6.600000e+01,1.620537e+01,5.373372e+01,1.226628e+01
8.332500e+03,6.500000e+01,1.617908e+01,5.091297e+01,1.408703e+01
8.337500e+03,7.200000e+01,1.615280e+01,4.811040e+01,2.388960e+01
8.342500e+03,5.200000e+01,1.612652e+01,4.535604e+01,6.643959e+00
8.347500e+03,6.300000e+01,1.610023e+01,4.267664e+01,2.032336e+01
8.352500e+03,5.500000e+01,1.607395e+01,4.009529e+01,1.490471e+01
8.357500e+03,5.500000e+01,1.604767e+01,3.763134e+01,1.736866e+01
8.362500e+03,4.800000e+01,1.602139e+01,3.530019e+01,1.269981e+01
8.367500e+03,4.700000e+01,1.599510e+01,3.311344e+01,1.388656e+01
8.372500e+03,3.900000e+01,1.596882e+01,3.107901e+01,7.920990e+00
8.377500e+03,3.800000e+01,1.594254e+01,2.920136e+01,8.798637e+00
8.382500e+03,4.100000e+01,1.591625e+01,2.748182e+01,1.351818e+01
8.387500e+03,2.900000e+01,1.588997e+01,2.591893e+01,3.081074e+00
8.392500e+03,3.800000e+01,1.586369e+01,2.450881e+01,1.349119e+01
8.397500e+03,3.700000e+01,1.583740e+01,2.324562e+01,1.375438e+01
8.402500e+03,4.500000e+01,1.581112e+01,2.212190e+01,2.287810e+01
8.407500e+03,3.900000e+01,1.578484e+01,2.112899e+01,1.787101e+01
8.412500e+03,2.800000e+01,1.575855e+01,2.025740e+01,7.742596e+00
8.417500e+03,4.000000e+01,1.573227e+01,1.949715e+01,2.050285e+01
8.422500e+03,3.500000e+01,1.570599e+01,1.883803e+01,1.616197e+01
8.427500e+03,3.000000e+01,1.567970e+01,1.826989e+01,1.173011e+01
8.432500e+03,3.200000e+01,1.565342e+01,1.778284e+01,1.421716e+01
8.437500e+03,3.700000e+01,1.562714e+01,1.736741e+01,1.963259e+01
8.442500e+03,2.700000e+01,1.560085e+01,1.701469e+01,9.985306e+00
8.447500e+03,3.300000e+01,1.557457e+01,1.671642e+01,1.628358e+01
8.452500e+03,2.800000e+01,1.554829e+01,1.646503e+01,1.153497e+01
8.457500e+03,2.500000e+01,1.552200e+01,1.625367e+01,8.746332e+00
8.462500e+03,3.200000e+01,1.549572e+01,1.607622e+01,1.592378e+01
8.467500e+03,2.900000e+01,1.546944e+01,1.592728e+01,1.307272e+01
8.472500e+03,3.200000e+01,1.544315e+01,1.580213e+01,1.619787e+01
8.477500e+03,2.200000e+01,1.541687e+01,1.569666e+01,6.303337e+00
8.482500e+03,2.300000e+01,1.539059e+01,1.560737e+01,7.392626e+00
8.487500e+03,1.700000e+01,1.536430e+01,1.553128e+01,1.468719e+00
8.492500e+03,1.900000e+01,1.533802e+01,1.546587e+01,3.534127e+00
8.497500e+03,1.800000e+01,1.531174e+01,1.540905e+01,2.590946e+00
8.502500e+03,1.200000e+01,1.528545e+01,1.535909e+01,-3.359091e+00
8.507500e+03,1.800000e+01,1.525917e+01,1.531456e+01,2.685440e+00
8.512500e+03,2.100000e+01,1.523289e+01,1.527430e+01,5.725696e+00
8.517500e+03,1.400000e+01,1.520660e+01,1.523739e+01,-1.237391e+00
8.522500e+03,1.800000e+01,1.518032e+01,1.518032e+01,2.819679e+00
8.527500e+03,1.200000e+01,1.515404e+01,1.515404e+01,-3.154037e+00
8.532500e+03,2.300000e+01,1.512775e+01,1.512775e+01,7.872246e+00
8.537500e+03,1.000000e+01,1.510147e+01,1.510148e+01,-5.101476e+00
8.542500e+03,1.300000e+01,1.507519e+01,1.507519e+01,-2.075194e+00
8.547500e+03,1.000000e+01,1.504890e+01,1.504891e+01,-5.048913e+00
8.552500e+03,1.800000e+01,1.502262e+01,1.502263e+01,2.977367e+00
8.557500e+03,1.500000e+01,1.499634e+01,1.499635e+01,3.646851e-03
8.562500e+03,2.000000e+01,1.497005e+01,1.497007e+01,5.029925e+00
8.567500e+03,1.000000e+01,1.494385e+01,1.494387e+01,-4.943873e+00
8.572500e+03,2.400000e+01,1.495850e+01,1.495853e+01,9.041470e+00
8.577500e+03,1.800000e+01,1.497607e+01,1.497612e+01,3.023882e+00
8.582500e+03,1.500000e+01,1.499658e+01,1.499664e+01,3.361702e-03
8.587500e+03,1.500000e+01,1.502051e+01,1.502058e+01,-2.057934e-02
8.592500e+03,9.000000e+00,1.504688e+01,1.504697e+01,-6.046967e+00
8.597500e+03,1.800000e+01,1.507715e+01,1.507726e+01,2.922736e+00
8.602500e+03,1.600000e+01,1.511035e+01,1.511050e+01,8.895035e-01
8.607500e+03,1.100000e+01,1.514697e+01,1.514715e+01,-4.147154e+00
8.612500e+03,1.600000e+01,1.518604e+01,1.518626e+01,8.137407e-01
8.617500e+03,1.000000e+01,1.522900e+01,1.522928e+01,-5.229281e+00
8.622500e+03,6.000000e+00,1.527393e+01,1.527427e+01,-9.274266e+00
8.627500e+03,1.600000e+01,1.532275e+01,1.532317e+01,6.768312e-01
8.632500e+03,1.600000e+01,1.537451e+01,1.537502e+01,6.249847e-01
8.637500e+03,1.400000e+01,1.543018e+01,1.543078e+01,-1.430784e+00
8.642500e+03,2.100000e+01,1.548779e+01,1.548852e+01,5.511477e+00
8.647500e+03,1.700000e+01,1.554932e+01,1.555019e+01,1.449812e+00
8.652500e+03,2.400000e+01,1.561377e+01,1.561480e+01,8.385196e+00
8.657500e+03,1.500000e+01,1.568164e+01,1.568286e+01,-6.828613e-01
8.662500e+03,2.100000e+01,1.575244e+01,1.575387e+01,5.246126e+00
8.667500e+03,1.100000e+01,1.582520e+01,1.582687e+01,-4.826867e+00
8.672500e+03,2.000000e+01,1.590186e+01,1.590380e+01,4.096205e+00
8.677500e+03,1.800000e+01,1.598193e+01,1.598417e+01,2.015827e+00
8.682500e+03,1.700000e+01,1.606543e+01,1.606800e+01,9.320011e-01
8.687500e+03,1.500000e+01,1.615137e+01,1.615430e+01,-1.154299e+00
8.692500e+03,1.200000e+01,1.624170e+01,1.624503e+01,-4.245026e+00
8.697500e+03,1.500000e+01,1.633398e+01,1.633774e+01,-1.337738e+00
8.702500e+03,1.000000e+01,1.642969e+01,1.643390e+01,-6.433897e+00
8.707500e+03,1.600000e+01,1.652832e+01,1.653302e+01,-5.330181e-01
8.712500e+03,1.500000e+01,1.663037e+01,1.663558e+01,-1.635582e+00
8.717500e+03,2.300000e+01,1.673438e+01,1.674012e+01,6.259876e+00
8.722500e+03,1.400000e+01,1.684277e+01,1.684908e+01,-2.849079e+00
8.727500e+03,2.600000e+01,1.682189e+01,1.682877e+01,9.171230e+00
8.732500e+03,1.400000e+01,1.680101e+01,1.680847e+01,-2.808468e+00
8.737500e+03,1.700000e+01,1.678012e+01,1.678817e+01,2.118282e-01
8.742500e+03,1.900000e+01,1.675924e+01,1.676787e+01,2.232128e+00
8.747500e+03,2.200000e+01,1.673836e+01,1.674756e+01,5.252438e+00
8.752500e+03,1.500000e+01,1.671747e+01,1.672724e+01,-1.727236e+00
8.757500e+03,1.900000e+01,1.669659e+01,1.670689e+01,2.293114e+00
8.762500e+03,2.100000e+01,1.667570e+01,1.668650e+01,4.313496e+00
8.767500e+03,1.900000e+01,1.665482e+01,1.666608e+01,2.333918e+00
8.772500e+03,2.200000e+01,1.663394e+01,1.664562e+01,5.354383e+00
8.777500e+03,3.600000e+01,1.661305e+01,1.662510e+01,1.937490e+01
8.782500e+03,2.500000e+01,1.659217e+01,1.660452e+01,8.395483e+00
8.787500e+03,2.500000e+01,1.657129e+01,1.658388e+01,8.416124e+00
8.792500e+03,3.500000e+01,1.655040e+01,1.656317e+01,1.843683e+01
8.797500e+03,3.100000e+01,1.652952e+01,1.654239e+01,1.445761e+01
8.802500e+03,3.400000e+01,1.650864e+01,1.652154e+01,1.747846e+01
8.807500e+03,4.300000e+01,1.648775e+01,1.650061e+01,2.649939e+01
8.812500e+03,3.500000e+01,1.646687e+01,1.647962e+01,1.852038e+01
8.817500e+03,5.300000e+01,1.644599e+01,1.645856e+01,3.654144e+01
8.822500e+03,5.700000e+01,1.642510e+01,1.643742e+01,4.056258e+01
8.827500e+03,4.500000e+01,1.640422e+01,1.641623e+01,2.858377e+01
8.832500e+03,4.700000e+01,1.638334e+01,1.639498e+01,3.060502e+01
8.837500e+03,5.300000e+01,1.636245e+01,1.637367e+01,3.662633e+01
8.842500e+03,7.400000e+01,1.634157e+01,1.635232e+01,5.764767e+01
8.847500e+03,8.600000e+01,1.632068e+01,1.633093e+01,6.966907e+01
8.852500e+03,7.200000e+01,1.629980e+01,1.630952e+01,5.569048e+01
8.857500e+03,7.800000e+01,1.627892e+01,1.628807e+01,6.171193e+01
8.862500e+03,8.400000e+01,1.625803e+01,1.626662e+01,6.773338e+01
8.867500e+03,8.400000e+01,1.623715e+01,1.624515e+01,6.775485e+01
8.872500e+03,8.200000e+01,1.621627e+01,1.622368e+01,6.577632e+01
8.877500e+03,8.900000e+01,1.619538e+01,1.620222e+01,7.279778e+01
8.882500e+03,9.200000e+01,1.617450e+01,1.618077e+01,7.581923e+01
8.887500e+03,9.800000e+01,1.615362e+01,1.615933e+01,8.184067e+01
8.892500e+03,1.100000e+02,1.613273e+01,1.613792e+01,9.386208e+01
8.897500e+03,1.190000e+02,1.611185e+01,1.611653e+01,1.028835e+02
8.902500e+03,1.180000e+02,1.609097e+01,1.609517e+01,1.019048e+02
8.907500e+03,1.070000e+02,1.607008e+01,1.607383e+01,9.092616e+01
8.912500e+03,1.270000e+02,1.604920e+01,1.605273e+01,1.109473e+02
8.917500e+03,9.300000e+01,1.602831e+01,1.603153e+01,7.696847e+01
8.922500e+03,1.220000e+02,1.600743e+01,1.601039e+01,1.059896e+02
8.927500e+03,1.060000e+02,1.598655e+01,1.598931e+01,9.001069e+01
8.932500e+03,1.100000e+02,1.596566e+01,1.596829e+01,9.403171e+01
8.937500e+03,1.070000e+02,1.594478e+01,1.594735e+01,9.105264e+01
8.942500e+03,1.170000e+02,1.592390e+01,1.592650e+01,1.010735e+02
8.947500e+03,1.270000e+02,1.590301e+01,1.590574e+01,1.110943e+02
8.952500e+03,1.140000e+02,1.588213e+01,1.588510e+01,9.811491e+01
8.957500e+03,1.100000e+02,1.586125e+01,1.586458e+01,9.413542e+01
8.962500e+03,9.400000e+01,1.584036e+01,1.584421e+01,7.815579e+01
8.967500e+03,9.300000e+01,1.581948e+01,1.582402e+01,7.717598e+01
8.972500e+03,1.070000e+02,1.579860e+01,1.580403e+01,9.119597e+01
8.977500e+03,1.080000e+02,1.577771e+01,1.578428e+01,9.221572e+01
8.982500e+03,7.300000e+01,1.575683e+01,1.576480e+01,5.723520e+01
8.987500e+03,8.100000e+01,1.573594e+01,1.574565e+01,6.525435e+01
8.992500e+03,7.600000e+01,1.571506e+01,1.572688e+01,6.027312e+01
8.997500e+03,7.800000e+01,1.569418e+01,1.570853e+01,6.229147e+01
9.002500e+03,7.800000e+01,1.567329e+01,1.569069e+01,6.230931e+01
9.007500e+03,6.600000e+01,1.565241e+01,1.567341e+01,5.032660e+01
9.012500e+03,6.800000e+01,1.563153e+01,1.565677e+01,5.234323e+01
9.017500e+03,5.100000e+01,1.561064e+01,1.564085e+01,3.535915e+01
9.022500e+03,4.600000e+01,1.558976e+01,1.562575e+01,3.037425e+01
9.027500e+03,3.800000e+01,1.556888e+01,1.561154e+01,2.238846e+01
9.032500e+03,3.900000e+01,1.554799e+01,1.559832e+01,2.340168e+01
9.037500e+03,2.800000e+01,1.552711e+01,1.558617e+01,1.241383e+01
9.042500e+03,4.100000e+01,1.550623e+01,1.557517e+01,2.542483e+01
9.047500e+03,3.600000e+01,1.548534e+01,1.556542e+01,2.043458e+01
9.052500e+03,2.100000e+01,1.546446e+01,1.555698e+01,5.443015e+00
9.057500e+03,3.200000e+01,1.544357e+01,1.554992e+01,1.645008e+01
9.062500e+03,2.500000e+01,1.542269e+01,1.554428e+01,9.455725e+00
9.067500e+03,1.800000e+01,1.540181e+01,1.554007e+01,2.459926e+00
9.072500e+03,1.900000e+01,1.538092e+01,1.553734e+01,3.462664e+00
9.077500e+03,2.700000e+01,1.536004e+01,1.553604e+01,1.146396e+01
9.082500e+03,1.200000e+01,1.533916e+01,1.553614e+01,-3.536140e+00
9.087500e+03,1.500000e+01,1.531827e+01,1.553757e+01,-5.375681e-01
9.092500e+03,1.800000e+01,1.529739e+01,1.554022e+01,2.459781e+00
9.097500e+03,1.700000e+01,1.527651e+01,1.554396e+01,1.456043e+00
9.102500e+03,1.700000e+01,1.525562e+01,1.554861e+01,1.451385e+00
9.107500e+03,1.200000e+01,1.523474e+01,1.555399e+01,-3.553989e+00
9.112500e+03,1.400000e+01,1.521386e+01,1.555985e+01,-1.559852e+00
9.117500e+03,1.000000e+01,1.519297e+01,1.556594e+01,-5.565941e+00
9.122500e+03,1.200000e+01,1.517209e+01,1.557197e+01,-3.571971e+00
9.127500e+03,1.200000e+01,1.515121e+01,1.557764e+01,-3.577638e+00
9.132500e+03,1.300000e+01,1.513032e+01,1.558262e+01,-2.582619e+00
9.137500e+03,1.700000e+01,1.510944e+01,1.558659e+01,1.413415e+00
9.142500e+03,1.100000e+01,1.508855e+01,1.558920e+01,-4.589204e+00
9.147500e+03,1.400000e+01,1.506767e+01,1.559019e+01,-1.590185e+00
9.152500e+03,8.000000e+00,1.504679e+01,1.558915e+01,-7.589152e+00
9.157500e+03,1.200000e+01,1.502590e+01,1.558584e+01,-3.585838e+00
9.162500e+03,1.400000e+01,1.500502e+01,1.557998e+01,-1.579978e+00
9.167500e+03,8.000000e+00,1.498414e+01,1.557134e+01,-7.571339e+00
9.172500e+03,1.600000e+01,1.496325e+01,1.555973e+01,4.402723e-01
9.177500e+03,1.700000e+01,1.494237e+01,1.554500e+01,1.455001e+00
9.182500e+03,2.800000e+01,1.492149e+01,1.552706e+01,1.247294e+01
9.187500e+03,1.300000e+01,1.490060e+01,1.550585e+01,-2.505852e+00
9.192500e+03,1.900000e+01,1.487972e+01,1.548140e+01,3.518601e+00
9.197500e+03,2.000000e+01,1.485884e+01,1.545376e+01,4.546244e+00
9.202500e+03,1.500000e+01,1.483795e+01,1.542304e+01,-4.230404e-01
9.207500e+03,2.300000e+01,1.481707e+01,1.538941e+01,7.610587e+00
9.212500e+03,2.300000e+01,1.479618e+01,1.535308e+01,7.646915e+00
9.217500e+03,2.300000e+01,1.477530e+01,1.531430e+01,7.685698e+00
9.222500e+03,2.400000e+01,1.475442e+01,1.527335e+01,8.726652e+00
9.227500e+03,2.200000e+01,1.473353e+01,1.523053e+01,6.769469e+00
9.232500e+03,2.500000e+01,1.471265e+01,1.518618e+01,9.813822e+00
9.237500e+03,2.600000e+01,1.469177e+01,1.514063e+01,1.085937e+01
9.242500e+03,2.200000e+01,1.467088e+01,1.509423e+01,6.905768e+00
9.247500e+03,1.800000e+01,1.465000e+01,1.504732e+01,2.952677e+00
9.252500e+03,1.500000e+01,1.462912e+01,1.500024e+01,-2.365112e-04
9.257500e+03,2.300000e+01,1.460823e+01,1.495329e+01,8.046712e+00
9.262500e+03,2.500000e+01,1.458735e+01,1.490677e+01,1.009323e+01
9.267500e+03,1.300000e+01,1.456647e+01,1.486096e+01,-1.860957e+00
9.272500e+03,2.600000e+01,1.454558e+01,1.481608e+01,1.118392e+01
9.277500e+03,2.900000e+01,1.452470e+01,1.477236e+01,1.422764e+01
9.282500e+03,2.200000e+01,1.450381e+01,1.472995e+01,7.270050e+00
9.287500e+03,2.000000e+01,1.448293e+01,1.468901e+01,5.310994e+00
9.292500e+03,2.200000e+01,1.446205e+01,1.464963e+01,7.350371e+00
9.297500e+03,1.900000e+01,1.444116e+01,1.461189e+01,4.388109e+00
9.302500e+03,1.500000e+01,1.442028e+01,1.457583e+01,4.241686e-01
9.307500e+03,1.200000e+01,1.439940e+01,1.454146e+01,-2.541462e+00
9.312500e+03,1.400000e+01,1.437851e+01,1.450877e+01,-5.087662e-01
9.317500e+03,1.600000e+01,1.435763e+01,1.447770e+01,1.522298e+00
9.322500e+03,1.800000e+01,1.433675e+01,1.444821e+01,3.551793e+00
9.327500e+03,2.200000e+01,1.431586e+01,1.442020e+01,7.579801e+00
9.332500e+03,1.500000e+01,1.429498e+01,1.439358e+01,6.064167e-01
9.337500e+03,1.300000e+01,1.427410e+01,1.436825e+01,-1.368248e+00
9.342500e+03,1.600000e+01,1.425321e+01,1.434407e+01,1.655926e+00
9.347500e+03,1.700000e+01,1.423233e+01,1.432094e+01,2.679064e+00
9.352500e+03,1.700000e+01,1.421144e+01,1.429870e+01,2.701297e+00
9.357500e+03,1.500000e+01,1.419056e+01,1.427724e+01,7.227583e-01
9.362500e+03,1.400000e+01,1.416968e+01,1.425642e+01,-2.564192e-01
9.367500e+03,8.000000e+00,1.414879e+01,1.423611e+01,-6.236106e+00
9.372500e+03,1.100000e+01,1.412791e+01,1.421618e+01,-3.216175e+00
9.377500e+03,1.500000e+01,1.410703e+01,1.419650e+01,8.034954e-01
9.382500e+03,1.400000e+01,1.408614e+01,1.417698e+01,-1.769800e-01
9.387500e+03,1.300000e+01,1.406526e+01,1.415750e+01,-1.157495e+00
9.392500e+03,1.000000e+01,1.404438e+01,1.413795e+01,-4.137954e+00
9.397500e+03,1.000000e+01,1.402349e+01,1.411827e+01,-4.118270e+00
9.402500e+03,1.500000e+01,1.400261e+01,1.409837e+01,9.016342e-01
9.407500e+03,5.000000e+00,1.398173e+01,1.407818e+01,-9.078177e+00
9.412500e+03,1.300000e+01,1.396084e+01,1.405765e+01,-1.057652e+00
9.417500e+03,1.400000e+01,1.393996e+01,1.403675e+01,-3.674984e-02
9.422500e+03,1.000000e+01,1.391908e+01,1.401544e+01,-4.015440e+00
9.427500e+03,1.100000e+01,1.389819e+01,1.399371e+01,-2.993706e+00
9.432500e+03,1.500000e+01,1.387731e+01,1.397154e+01,1.028460e+00
9.437500e+03,9.000000e+00,1.385642e+01,1.394895e+01,-4.948948e+00
9.442500e+03,1.500000e+01,1.383554e+01,1.392594e+01,1.074059e+00
9.447500e+03,7.000000e+00,1.381466e+01,1.390254e+01,-6.902543e+00
9.452500e+03,1.200000e+01,1.379377e+01,1.387878e+01,-1.878782e+00
9.457500e+03,9.000000e+00,1.377289e+01,1.385451e+01,-4.854511e+00
9.462500e+03,8.000000e+00,1.375201e+01,1.383019e+01,-5.830187e+00
9.467500e+03,1.200000e+01,1.373112e+01,1.380561e+01,-1.805611e+00
9.472500e+03,8.000000e+00,1.371024e+01,1.378083e+01,-5.780832e+00
9.477500e+03,1.400000e+01,1.368936e+01,1.375590e+01,2.440968e-01
9.482500e+03,9.000000e+00,1.366847e+01,1.373087e+01,-4.730873e+00
9.487500e+03,5.000000e+00,1.364759e+01,1.370579e+01,-8.705791e+00
9.492500e+03,7.000000e+00,1.362671e+01,1.368070e+01,-6.680703e+00
9.497500e+03,9.000000e+00,1.360582e+01,1.365565e+01,-4.655654e+00
9.502500e+03,1.200000e+01,1.358494e+01,1.363068e+01,-1.630682e+00
9.507500e+03,1.000000e+01,1.356405e+01,1.360582e+01,-3.605823e+00
9.512500e+03,9.000000e+00,1.354317e+01,1.358111e+01,-4.581107e+00
9.517500e+03,3.000000e+00,1.352229e+01,1.355656e+01,-1.055656e+01
9.522500e+03,5.000000e+00,1.350140e+01,1.353220e+01,-8.532203e+00
9.527500e+03,7.000000e+00,1.348052e+01,1.350805e+01,-6.508050e+00
9.532500e+03,1.400000e+01,1.345964e+01,1.348411e+01,5.158854e-01
9.537500e+03,1.000000e+01,1.343875e+01,1.346040e+01,-3.460402e+00
9.542500e+03,1.400000e+01,1.341787e+01,1.343691e+01,5.630856e-01
9.547500e+03,9.000000e+00,1.339699e+01,1.341365e+01,-4.413651e+00
9.552500e+03,1.100000e+01,1.337610e+01,1.339061e+01,-2.390609e+00
9.557500e+03,1.400000e+01,1.335522e+01,1.336778e+01,6.322212e-01
9.562500e+03,1.500000e+01,1.333434e+01,1.334515e+01,1.654848e+00
9.567500e+03,9.000000e+00,1.331345e+01,1.332272e+01,-4.322718e+00
9.572500e+03,1.300000e+01,1.329257e+01,1.330046e+01,-3.004637e-01
9.577500e+03,1.100000e+01,1.327168e+01,1.327838e+01,-2.278377e+00
9.582500e+03,1.300000e+01,1.325080e+01,1.325644e+01,-2.564430e-01
9.587500e+03,1.400000e+01,1.322998e+01,1.323471e+01,7.652884e-01
9.592500e+03,1.300000e+01,1.315869e+01,1.316264e+01,-1.626387e-01
9.597500e+03,1.400000e+01,1.308795e+01,1.309123e+01,9.087734e-01
9.602500e+03,1.000000e+01,1.301770e+01,1.302040e+01,-3.020403e+00
9.607500e+03,1.000000e+01,1.294788e+01,1.295010e+01,-2.950095e+00
9.612500e+03,1.500000e+01,1.287872e+01,1.288054e+01,2.119465e+00
9.617500e+03,1.200000e+01,1.281006e+01,1.281153e+01,-8.115311e-01
9.622500e+03,1.300000e+01,1.274194e+01,1.274313e+01,2.568674e-01
9.627500e+03,1.200000e+01,1.267426e+01,1.267521e+01,-6.752110e-01
9.632500e+03,9.000000e+00,1.260712e+01,1.260788e+01,-3.607881e+00
9.637500e+03,1.100000e+01,1.254059e+01,1.254120e+01,-1.541196e+00
9.642500e+03,1.000000e+01,1.247449e+01,1.247497e+01,-2.474968e+00
9.647500e+03,9.000000e+00,1.240906e+01,1.240944e+01,-3.409436e+00
9.652500e+03,9.000000e+00,1.234399e+01,1.234429e+01,-3.344290e+00
9.657500e+03,1.300000e+01,1.227966e+01,1.227989e+01,7.201061e-01
9.662500e+03,1.200000e+01,1.221558e+01,1.221575e+01,-2.157545e-01
9.667500e+03,1.400000e+01,1.215222e+01,1.215236e+01,1.847641e+00
9.672500e+03,1.900000e+01,1.208923e+01,1.208934e+01,6.910662e+00
9.677500e+03,1.300000e+01,1.202710e+01,1.202718e+01,9.728203e-01
9.682500e+03,1.600000e+01,1.196509e+01,1.196515e+01,4.034851e+00
9.687500e+03,1.300000e+01,1.190356e+01,1.190361e+01,1.096390e+00
9.692500e+03,9.000000e+00,1.184302e+01,1.184302e+01,-2.843018e+00
9.697500e+03,2.400000e+01,1.178247e+01,1.178247e+01,1.221753e+01
9.702500e+03,1.700000e+01,1.172290e+01,1.172290e+01,5.277100e+00
9.707500e+03,1.100000e+01,1.166357e+01,1.166357e+01,-6.635742e-01
9.712500e+03,1.700000e+01,1.160486e+01,1.160486e+01,5.395142e+00
9.717500e+03,1.400000e+01,1.154663e+01,1.154663e+01,2.453369e+00
9.722500e+03,1.100000e+01,1.148901e+01,1.148901e+01,-4.890137e-01
9.727500e+03,1.000000e+01,1.143188e+01,1.143188e+01,-1.431885e+00
9.732500e+03,9.000000e+00,1.137512e+01,1.137512e+01,-2.375122e+00
9.737500e+03,1.500000e+01,1.131909e+01,1.131909e+01,3.680908e+00
9.742500e+03,1.100000e+01,1.126343e+01,1.126343e+01,-2.634277e-01
9.747500e+03,1.400000e+01,1.120850e+01,1.120850e+01,2.791504e+00
9.752500e+03,7.000000e+00,1.115381e+01,1.115381e+01,-4.153809e+00
9.757500e+03,1.500000e+01,1.109985e+01,1.109985e+01,3.900146e+00
9.762500e+03,1.000000e+01,1.104639e+01,1.104639e+01,-1.046387e+00
9.767500e+03,1.100000e+01,1.099329e+01,1.099329e+01,6.713867e-03
9.772500e+03,1.200000e+01,1.094092e+01,1.094092e+01,1.059082e+00
9.777500e+03,1.000000e+01,1.088892e+01,1.088892e+01,-8.889160e-01
9.782500e+03,1.000000e+01,1.083752e+01,1.083752e+01,-8.375244e-01
9.787500e+03,9.000000e+00,1.078662e+01,1.078662e+01,-1.786621e+00
9.792500e+03,1.100000e+01,1.073633e+01,1.073633e+01,2.636719e-01
9.797500e+03,1.100000e+01,1.068652e+01,1.068652e+01,3.134766e-01
9.802500e+03,6.000000e+00,1.063721e+01,1.063721e+01,-4.637207e+00
9.807500e+03,1.200000e+01,1.058850e+01,1.058850e+01,1.411499e+00
9.812500e+03,7.000000e+00,1.054004e+01,1.054004e+01,-3.540039e+00
9.817500e+03,6.000000e+00,1.049231e+01,1.049231e+01,-4.492310e+00
9.822500e+03,8.000000e+00,1.044507e+01,1.044507e+01,-2.445068e+00
9.827500e+03,1.000000e+01,1.039844e+01,1.039844e+01,-3.984375e-01
9.832500e+03,9.000000e+00,1.035242e+01,1.035242e+01,-1.352417e+00
9.837500e+03,1.200000e+01,1.030664e+01,1.030664e+01,1.693359e+00
9.842500e+03,7.000000e+00,1.026160e+01,1.026160e+01,-3.261597e+00
9.847500e+03,4.000000e+00,1.021692e+01,1.021692e+01,-6.216919e+00
9.852500e+03,8.000000e+00,1.017297e+01,1.017297e+01,-2.172974e+00
9.857500e+03,1.300000e+01,1.012927e+01,1.012927e+01,2.870728e+00
9.862500e+03,1.200000e+01,1.008606e+01,1.008606e+01,1.913940e+00
9.867500e+03,5.000000e+00,1.004382e+01,1.004382e+01,-5.043823e+00
9.872500e+03,7.000000e+00,1.000171e+01,1.000171e+01,-3.001709e+00
9.877500e+03,8.000000e+00,9.960327e+00,9.960327e+00,-1.960327e+00
9.882500e+03,8.000000e+00,9.919434e+00,9.919434e+00,-1.919434e+00
9.887500e+03,9.000000e+00,9.879028e+00,9.879028e+00,-8.790283e-01
9.892500e+03,1.200000e+01,9.839111e+00,9.839111e+00,2.160889e+00
9.897500e+03,6.000000e+00,9.799683e+00,9.799683e+00,-3.799683e+00
9.902500e+03,1.200000e+01,9.760864e+00,9.760864e+00,2.239136e+00
9.907500e+03,1.300000e+01,9.722534e+00,9.722534e+00,3.277466e+00
9.912500e+03,9.000000e+00,9.684692e+00,9.684692e+00,-6.846924e-01
9.917500e+03,5.000000e+00,9.647339e+00,9.647339e+00,-4.647339e+00
9.922500e+03,6.000000e+00,9.610596e+00,9.610596e+00,-3.610596e+00
9.927500e+03,9.000000e+00,9.574463e+00,9.574463e+00,-5.744629e-01
9.932500e+03,1.100000e+01,9.538696e+00,9.538696e+00,1.461304e+00
9.937500e+03,1.400000e+01,9.503540e+00,9.503540e+00,4.496460e+00
9.942500e+03,7.000000e+00,9.468872e+00,9.468872e+00,-2.468872e+00
9.947500e+03,7.000000e+00,9.434692e+00,9.434692e+00,-2.434692e+00
9.952500e+03,9.000000e+00,9.401123e+00,9.401123e+00,-4.011230e-01
9.957500e+03,1.100000e+01,9.367920e+00,9.367920e+00,1.632080e+00
9.962500e+03,1.300000e+01,9.335449e+00,9.335449e+00,3.664551e+00
9.967500e+03,1.500000e+01,9.303345e+00,9.303345e+00,5.696655e+00
9.972500e+03,4.000000e+00,9.271973e+00,9.271973e+00,-5.271973e+00
9.977500e+03,1.200000e+01,9.240845e+00,9.240845e+00,2.759155e+00
9.982500e+03,1.500000e+01,9.210449e+00,9.210449e+00,5.789551e+00
9.987500e+03,8.000000e+00,9.180420e+00,9.180420e+00,-1.180420e+00
9.992500e+03,1.100000e+01,9.150879e+00,9.150879e+00,1.849121e+00
9.997500e+03,8.000000e+00,9.122192e+00,9.122192e+00,-1.122192e+00
1.000250e+04,9.000000e+00,9.093628e+00,9.093628e+00,-9.362793e-02
1.000750e+04,1.700000e+01,9.065918e+00,9.065918e+00,7.934082e+00
1.001250e+04,8.000000e+00,9.038452e+00,9.038452e+00,-1.038452e+00
1.001750e+04,9.000000e+00,9.011719e+00,9.011719e+00,-1.171875e-02
1.002250e+04,9.000000e+00,8.985474e+00,8.985474e+00,1.452637e-02
1.002750e+04,1.400000e+01,8.959717e+00,8.959717e+00,5.040283e+00
1.003250e+04,7.000000e+00,8.934448e+00,8.934448e+00,-1.934448e+00
1.003750e+04,1.200000e+01,8.909790e+00,8.909790e+00,3.090210e+00
1.004250e+04,1.000000e+01,8.885498e+00,8.885498e+00,1.114502e+00
1.004750e+04,1.000000e+01,8.861816e+00,8.861816e+00,1.138184e+00
1.005250e+04,1.500000e+01,8.838623e+00,8.838623e+00,6.161377e+00
1.005750e+04,6.000000e+00,8.816040e+00,8.816040e+00,-2.816040e+00
1.006250e+04,4.000000e+00,8.793945e+00,8.793945e+00,-4.793945e+00
1.006750e+04,8.000000e+00,8.772339e+00,8.772339e+00,-7.723389e-01
1.007250e+04,8.000000e+00,8.751221e+00,8.751221e+00,-7.512207e-01
1.007750e+04,8.000000e+00,8.730713e+00,8.730713e+00,-7.307129e-01
1.008250e+04,5.000000e+00,8.710693e+00,8.710693e+00,-3.710693e+00
1.008750e+04,5.000000e+00,8.691284e+00,8.691284e+00,-3.691284e+00
1.009250e+04,1.000000e+01,8.672241e+00,8.672241e+00,1.327759e+00
1.009750e+04,3.000000e+00,8.653687e+00,8.653687e+00,-5.653687e+00
1.010250e+04,8.000000e+00,8.635864e+00,8.635864e+00,-6.358643e-01
1.010750e+04,1.000000e+01,8.618408e+00,8.618408e+00,1.381592e+00
1.011250e+04,9.000000e+00,8.601685e+00,8.601685e+00,3.983154e-01
1.011750e+04,6.000000e+00,8.585205e+00,8.585205e+00,-2.585205e+00
1.012250e+04,9.000000e+00,8.569214e+00,8.569214e+00,4.307861e-01
1.012750e+04,1.000000e+01,8.554077e+00,8.554077e+00,1.445923e+00
1.013250e+04,9.000000e+00,8.539307e+00,8.539307e+00,4.606934e-01
1.013750e+04,8.000000e+00,8.525024e+00,8.525024e+00,-5.250244e-01
1.014250e+04,1.000000e+01,8.511230e+00,8.511230e+00,1.488770e+00
1.014750e+04,1.300000e+01,8.498169e+00,8.498169e+00,4.501831e+00
1.015250e+04,9.000000e+00,8.485352e+00,8.485352e+00,5.146484e-01
1.015750e+04,1.000000e+01,8.473389e+00,8.473389e+00,1.526611e+00
1.016250e+04,1.100000e+01,8.461670e+00,8.462084e+00,2.537916e+00
1.016750e+04,9.000000e+00,8.450562e+00,8.451108e+00,5.488920e-01
1.017250e+04,1.400000e+01,8.439941e+00,8.440660e+00,5.559340e+00
1.017750e+04,6.000000e+00,8.429688e+00,8.430626e+00,-2.430626e+00
1.018250e+04,6.000000e+00,8.420288e+00,8.421508e+00,-2.421508e+00
1.018750e+04,1.200000e+01,8.411255e+00,8.412833e+00,3.587167e+00
1.019250e+04,1.000000e+01,8.402832e+00,8.404865e+00,1.595135e+00
1.019750e+04,1.300000e+01,8.394775e+00,8.397381e+00,4.602619e+00
1.020250e+04,8.000000e+00,8.387329e+00,8.390652e+00,-3.906517e-01
1.020750e+04,5.000000e+00,8.380371e+00,8.384588e+00,-3.384588e+00
1.021250e+04,4.000000e+00,8.373901e+00,8.379227e+00,-4.379227e+00
1.021750e+04,5.000000e+00,8.368042e+00,8.374735e+00,-3.374735e+00
1.022250e+04,8.000000e+00,8.362671e+00,8.371041e+00,-3.710413e-01
1.022750e+04,5.000000e+00,8.357910e+00,8.368328e+00,-3.368328e+00
1.023250e+04,1.400000e+01,8.353271e+00,8.366175e+00,5.633825e+00
1.023750e+04,1.500000e+01,8.348820e+00,8.364724e+00,6.635276e+00
1.024250e+04,7.000000e+00,8.344368e+00,8.363875e+00,-1.363875e+00
1.024750e+04,5.000000e+00,8.339916e+00,8.363727e+00,-3.363727e+00
1.025250e+04,9.000000e+00,8.335464e+00,8.364386e+00,6.356144e-01
1.025750e+04,6.000000e+00,8.331013e+00,8.365972e+00,-2.365972e+00
1.026250e+04,7.000000e+00,8.326561e+00,8.372644e+00,-1.372644e+00
1.026750e+04,7.000000e+00,8.322109e+00,8.377763e+00,-1.377763e+00
1.027250e+04,9.000000e+00,8.317657e+00,8.384596e+00,6.154041e-01
1.027750e+04,1.100000e+01,8.313206e+00,8.393396e+00,2.606604e+00
1.028250e+04,8.000000e+00,8.308754e+00,8.404445e+00,-4.044447e-01
1.028750e+04,4.000000e+00,8.304302e+00,8.418051e+00,-4.418051e+00
1.029250e+04,6.000000e+00,8.299850e+00,8.434555e+00,-2.434555e+00
1.029750e+04,9.000000e+00,8.295399e+00,8.454332e+00,5.456676e-01
1.030250e+04,7.000000e+00,8.290947e+00,8.477793e+00,-1.477793e+00
1.030750e+04,6.000000e+00,8.286495e+00,8.505382e+00,-2.505382e+00
1.031250e+04,1.400000e+01,8.282043e+00,8.537586e+00,5.462414e+00
1.031750e+04,8.000000e+00,8.277592e+00,8.574932e+00,-5.749321e-01
1.032250e+04,6.000000e+00,8.273140e+00,8.617991e+00,-2.617991e+00
1.032750e+04,1.300000e+01,8.268688e+00,8.667377e+00,4.332623e+00
1.033250e+04,5.000000e+00,8.264236e+00,8.723752e+00,-3.723752e+00
1.033750e+04,8.000000e+00,8.259785e+00,8.787825e+00,-7.878246e-01
1.034250e+04,9.000000e+00,8.255333e+00,8.860354e+00,1.396456e-01
1.034750e+04,1.400000e+01,8.250881e+00,8.942150e+00,5.057850e+00
1.035250e+04,3.000000e+00,8.246429e+00,9.034069e+00,-6.034069e+00
1.035750e+04,3.000000e+00,8.241978e+00,9.137015e+00,-6.137015e+00
1.036250e+04,7.000000e+00,8.237526e+00,9.251938e+00,-2.251938e+00
1.036750e+04,4.000000e+00,8.233074e+00,9.379827e+00,-5.379827e+00
1.037250e+04,7.000000e+00,8.228622e+00,9.521702e+00,-2.521702e+00
1.037750e+04,8.000000e+00,8.224171e+00,9.678606e+00,-1.678606e+00
1.038250e+04,4.000000e+00,8.219719e+00,9.851594e+00,-5.851594e+00
1.038750e+04,1.300000e+01,8.215267e+00,1.004171e+01,2.958285e+00
1.039250e+04,4.000000e+00,8.210815e+00,1.024999e+01,-6.249990e+00
1.039750e+04,1.300000e+01,8.206364e+00,1.047740e+01,2.522604e+00
1.040250e+04,1.100000e+01,8.201912e+00,1.072483e+01,2.751675e-01
1.040750e+04,1.200000e+01,8.197460e+00,1.099309e+01,1.006907e+00
1.041250e+04,9.000000e+00,8.193008e+00,1.128284e+01,-2.282838e+00
1.041750e+04,1.500000e+01,8.188557e+00,1.159454e+01,3.405457e+00
1.042250e+04,1.100000e+01,8.184105e+00,1.192848e+01,-9.284754e-01
1.042750e+04,9.000000e+00,8.179653e+00,1.228465e+01,-3.284647e+00
1.043250e+04,6.000000e+00,8.175201e+00,1.266277e+01,-6.662771e+00
1.043750e+04,1.100000e+01,8.170750e+00,1.306223e+01,-2.062232e+00
1.044250e+04,4.000000e+00,8.166298e+00,1.348210e+01,-9.482100e+00
1.044750e+04,1.400000e+01,8.161846e+00,1.392088e+01,7.911682e-02
1.045250e+04,1.000000e+01,8.157394e+00,1.437681e+01,-4.376808e+00
1.045750e+04,9.000000e+00,8.152943e+00,1.484761e+01,-5.847609e+00
1.046250e+04,1.100000e+01,8.148491e+00,1.533056e+01,-4.330562e+00
1.046750e+04,1.600000e+01,8.144039e+00,1.582249e+01,1.775074e-01
1.047250e+04,2.200000e+01,8.139587e+00,1.631978e+01,5.680220e+00
1.047750e+04,1.000000e+01,8.135136e+00,1.681839e+01,-6.818394e+00
1.048250e+04,1.500000e+01,8.130684e+00,1.731392e+01,-2.313923e+00
1.048750e+04,1.600000e+01,8.126232e+00,1.780164e+01,-1.801636e+00
1.049250e+04,8.000000e+00,8.121780e+00,1.827654e+01,-1.027654e+01
1.049750e+04,1.200000e+01,8.117329e+00,1.873348e+01,-6.733479e+00
1.050250e+04,2.100000e+01,8.112877e+00,1.916719e+01,1.832813e+00
1.050750e+04,1.700000e+01,8.108425e+00,1.957241e+01,-2.572414e+00
1.051250e+04,8.000000e+00,8.103973e+00,1.994403e+01,-1.194403e+01
1.051750e+04,2.200000e+01,8.099522e+00,2.027710e+01,1.722904e+00
1.052250e+04,2.600000e+01,8.095070e+00,2.056703e+01,5.432968e+00
1.052750e+04,1.800000e+01,8.090618e+00,2.080966e+01,-2.809658e+00
1.053250e+04,1.800000e+01,8.086166e+00,2.100134e+01,-3.001339e+00
1.053750e+04,1.800000e+01,8.081715e+00,2.113905e+01,-3.139046e+00
1.054250e+04,2.200000e+01,8.077263e+00,2.122045e+01,7.795506e-01
1.054750e+04,1.500000e+01,8.072811e+00,2.124450e+01,-6.244499e+00
1.055250e+04,2.700000e+01,8.068359e+00,2.120952e+01,5.790482e+00
1.055750e+04,2.100000e+01,8.063908e+00,2.111596e+01,-1.159573e-01
1.056250e+04,1.300000e+01,8.059456e+00,2.096471e+01,-7.964706e+00
1.056750e+04,1.700000e+01,8.055004e+00,2.075746e+01,-3.757462e+00
1.057250e+04,2.300000e+01,8.050552e+00,2.049672e+01,2.503284e+00
1.057750e+04,2.200000e+01,8.046101e+00,2.018568e+01,1.814318e+00
1.058250e+04,2.900000e+01,8.041649e+00,1.982824e+01,9.171757e+00
1.058750e+04,1.600000e+01,8.037197e+00,1.942886e+01,-3.428856e+00
1.059250e+04,2.300000e+01,8.032745e+00,1.899246e+01,4.007538e+00
1.059750e+04,2.000000e+01,8.028294e+00,1.852438e+01,1.475620e+00
1.060250e+04,1.700000e+01,8.023842e+00,1.803020e+01,-1.030197e+00
1.060750e+04,2.200000e+01,8.019390e+00,1.751566e+01,4.484344e+00
1.061250e+04,1.800000e+01,8.014938e+00,1.698653e+01,1.013468e+00
1.061750e+04,1.600000e+01,8.010487e+00,1.644855e+01,-4.485474e-01
1.062250e+04,2.000000e+01,8.006035e+00,1.590725e+01,4.092749e+00
1.062750e+04,2.700000e+01,8.001583e+00,1.536793e+01,1.163207e+01
1.063250e+04,2.500000e+01,7.997131e+00,1.483555e+01,1.016445e+01
1.063750e+04,1.500000e+01,7.992680e+00,1.431464e+01,6.853609e-01
1.064250e+04,1.300000e+01,7.988228e+00,1.380930e+01,-8.093004e-01
1.064750e+04,1.400000e+01,7.983776e+00,1.332312e+01,6.768780e-01
1.065250e+04,2.000000e+01,7.979324e+00,1.285918e+01,7.140821e+00
1.065750e+04,1.800000e+01,7.974873e+00,1.242001e+01,5.579994e+00
1.066250e+04,1.000000e+01,7.970421e+00,1.200762e+01,-2.007618e+00
1.066750e+04,1.300000e+01,7.965969e+00,1.162351e+01,1.376493e+00
1.067250e+04,1.200000e+01,7.961517e+00,1.126868e+01,7.313194e-01
1.067750e+04,1.100000e+01,7.957066e+00,1.094368e+01,5.631924e-02
1.068250e+04,1.500000e+01,7.952614e+00,1.064863e+01,4.351366e+00
1.068750e+04,9.000000e+00,7.948162e+00,1.038329e+01,-1.383286e+00
1.069250e+04,1.400000e+01,7.943710e+00,1.014705e+01,3.852949e+00
1.069750e+04,8.000000e+00,7.939259e+00,9.939058e+00,-1.939058e+00
1.070250e+04,1.400000e+01,7.934807e+00,9.758197e+00,4.241803e+00
1.070750e+04,9.000000e+00,7.930355e+00,9.603164e+00,-6.031637e-01
1.071250e+04,1.000000e+01,7.925903e+00,9.472500e+00,5.275002e-01
1.071750e+04,1.400000e+01,7.921452e+00,9.364633e+00,4.635367e+00
1.072250e+04,9.000000e+00,7.917000e+00,9.277909e+00,-2.779093e-01
1.072750e+04,1.300000e+01,7.912548e+00,9.210623e+00,3.789377e+00
1.073250e+04,1.200000e+01,7.908096e+00,9.161043e+00,2.838957e+00
1.073750e+04,9.000000e+00,7.903645e+00,9.127038e+00,-1.270380e-01
1.074250e+04,9.000000e+00,7.899193e+00,9.107772e+00,-1.077719e-01
1.074750e+04,7.000000e+00,7.894741e+00,9.101027e+00,-2.101027e+00
1.075250e+04,1.100000e+01,7.890289e+00,9.105144e+00,1.894856e+00
1.075750e+04,8.000000e+00,7.885838e+00,9.118505e+00,-1.118505e+00
1.076250e+04,9.000000e+00,7.881386e+00,9.139539e+00,-1.395388e-01
1.076750e+04,7.000000e+00,7.876934e+00,9.166732e+00,-2.166732e+00
1.077250e+04,6.000000e+00,7.872482e+00,9.198623e+00,-3.198623e+00
1.077750e+04,9.000000e+00,7.868031e+00,9.233816e+00,-2.338161e-01
1.078250e+04,4.000000e+00,7.863579e+00,9.270978e+00,-5.270978e+00
1.078750e+04,6.000000e+00,7.859127e+00,9.308846e+00,-3.308846e+00
1.079250e+04,5.000000e+00,7.854675e+00,9.346233e+00,-4.346233e+00
1.079750e+04,1.000000e+01,7.850224e+00,9.382030e+00,6.179705e-01
1.080250e+04,5.000000e+00,7.845772e+00,9.415212e+00,-4.415212e+00
1.080750e+04,8.000000e+00,7.841320e+00,9.444848e+00,-1.444848e+00
1.081250e+04,5.000000e+00,7.836868e+00,9.470102e+00,-4.470102e+00
1.081750e+04,4.000000e+00,7.832417e+00,9.490244e+00,-5.490244e+00
1.082250e+04,7.000000e+00,7.827965e+00,9.504650e+00,-2.504650e+00
1.082750e+04,3.000000e+00,7.823513e+00,9.512813e+00,-6.512813e+00
1.083250e+04,4.000000e+00,7.819061e+00,9.514339e+00,-5.514339e+00
1.083750e+04,1.400000e+01,7.814610e+00,9.504354e+00,4.495646e+00
1.084250e+04,6.000000e+00,7.810158e+00,9.493038e+00,-3.493038e+00
1.084750e+04,9.000000e+00,7.805706e+00,9.474371e+00,-4.743710e-01
1.085250e+04,5.000000e+00,7.801254e+00,9.448495e+00,-4.448495e+00
1.085750e+04,8.000000e+00,7.796803e+00,9.415648e+00,-1.415648e+00
1.086250e+04,1.100000e+01,7.792351e+00,9.376166e+00,1.623834e+00
1.086750e+04,8.000000e+00,7.787899e+00,9.330470e+00,-1.330470e+00
1.087250e+04,8.000000e+00,7.783447e+00,9.279058e+00,-1.279058e+00
1.087750e+04,7.000000e+00,7.778996e+00,9.222499e+00,-2.222499e+00
1.088250e+04,3.000000e+00,7.774544e+00,9.161413e+00,-6.161413e+00
1.088750e+04,6.000000e+00,7.770092e+00,9.096465e+00,-3.096465e+00
1.089250e+04,6.000000e+00,7.765640e+00,9.028347e+00,-3.028347e+00
1.089750e+04,5.000000e+00,7.761189e+00,8.957767e+00,-3.957767e+00
1.090250e+04,4.000000e+00,7.756737e+00,8.885432e+00,-4.885432e+00
1.090750e+04,1.100000e+01,7.752285e+00,8.812038e+00,2.187962e+00
1.091250e+04,1.100000e+01,7.747833e+00,8.738260e+00,2.261740e+00
1.091750e+04,4.000000e+00,7.743382e+00,8.664733e+00,-4.664733e+00
1.092250e+04,4.000000e+00,7.738930e+00,8.592052e+00,-4.592052e+00
1.092750e+04,9.000000e+00,7.734478e+00,8.520757e+00,4.792433e-01
1.093250e+04,6.000000e+00,7.730026e+00,8.451332e+00,-2.451332e+00
1.093750e+04,1.100000e+01,7.725574e+00,8.384198e+00,2.615802e+00
1.094250e+04,5.000000e+00,7.721123e+00,8.319712e+00,-3.319712e+00
1.094750e+04,1.000000e+00,7.716671e+00,8.258162e+00,-7.258162e+00
1.095250e+04,1.200000e+01,7.712219e+00,8.199775e+00,3.800225e+00
1.095750e+04,3.000000e+00,7.707767e+00,8.144711e+00,-5.144711e+00
1.096250e+04,7.000000e+00,7.703316e+00,8.093071e+00,-1.093071e+00
1.096750e+04,6.000000e+00,7.698864e+00,8.044904e+00,-2.044904e+00
1.097250e+04,1.200000e+01,7.694412e+00,8.000204e+00,3.999796e+00
1.097750e+04,4.000000e+00,7.689960e+00,7.958921e+00,-3.958921e+00
1.098250e+04,8.000000e+00,7.685509e+00,7.920968e+00,7.903194e-02
1.098750e+04,8.000000e+00,7.681057e+00,7.886223e+00,1.137767e-01
1.099250e+04,6.000000e+00,7.676605e+00,7.854539e+00,-1.854539e+00
1.099750e+04,8.000000e+00,7.672153e+00,7.825747e+00,1.742530e-01
1.100250e+04,5.000000e+00,7.667702e+00,7.799664e+00,-2.799664e+00
1.100750e+04,4.000000e+00,7.663250e+00,7.776096e+00,-3.776096e+00
1.101250e+04,1.300000e+01,7.658798e+00,7.754846e+00,5.245154e+00
1.101750e+04,8.000000e+00,7.654346e+00,7.735713e+00,2.642870e-01
1.102250e+04,6.000000e+00,7.649895e+00,7.718451e+00,-1.718451e+00
1.102750e+04,4.000000e+00,7.645443e+00,7.702983e+00,-3.702983e+00
1.103250e+04,8.000000e+00,7.640991e+00,7.689058e+00,3.109422e-01
1.103750e+04,1.500000e+01,7.636539e+00,7.676505e+00,7.323495e+00
1.104250e+04,1.000000e+01,7.632088e+00,7.665162e+00,2.334838e+00
1.104750e+04,4.000000e+00,7.627636e+00,7.654879e+00,-3.654879e+00
1.105250e+04,1.000000e+01,7.623184e+00,7.645603e+00,2.354397e+00
1.105750e+04,5.000000e+00,7.618744e+00,7.637079e+00,-2.637079e+00
1.106250e+04,7.000000e+00,7.593414e+00,7.608361e+00,-6.083608e-01
1.106750e+04,8.000000e+00,7.568329e+00,7.580482e+00,4.195175e-01
1.107250e+04,6.000000e+00,7.543304e+00,7.553175e+00,-1.553175e+00
1.107750e+04,1.100000e+01,7.518524e+00,7.526546e+00,3.473454e+00
1.108250e+04,4.000000e+00,7.493835e+00,7.500381e+00,-3.500381e+00
1.108750e+04,6.000000e+00,7.469269e+00,7.474652e+00,-1.474652e+00
1.109250e+04,3.000000e+00,7.444977e+00,7.449469e+00,-4.449469e+00
1.109750e+04,1.300000e+01,7.420776e+00,7.424610e+00,5.575390e+00
1.110250e+04,9.000000e+00,7.396790e+00,7.400168e+00,1.599832e+00
1.110750e+04,7.000000e+00,7.372894e+00,7.375998e+00,-3.759980e-01
1.111250e+04,6.000000e+00,7.349152e+00,7.352143e+00,-1.352143e+00
1.111750e+04,9.000000e+00,7.325653e+00,7.328685e+00,1.671315e+00
1.112250e+04,4.000000e+00,7.302246e+00,7.305465e+00,-3.305465e+00
1.112750e+04,0.000000e+00,7.279083e+00,7.282633e+00,-7.282633e+00
1.113250e+04,1.000000e+01,7.255951e+00,7.259502e+00,2.740498e+00
1.113750e+04,8.000000e+00,7.233032e+00,7.237333e+00,7.626672e-01
1.114250e+04,8.000000e+00,7.210327e+00,7.215515e+00,7.844849e-01
1.114750e+04,5.000000e+00,7.187744e+00,7.193977e+00,-2.193977e+00
1.115250e+04,3.000000e+00,7.165344e+00,7.172800e+00,-4.172800e+00
1.115750e+04,1.100000e+01,7.143066e+00,7.151947e+00,3.848053e+00
1.116250e+04,7.000000e+00,7.121002e+00,7.131533e+00,-1.315331e-01
1.116750e+04,5.000000e+00,7.098999e+00,7.111433e+00,-2.111433e+00
1.117250e+04,1.200000e+01,7.077209e+00,7.091823e+00,4.908177e+00
1.117750e+04,7.000000e+00,7.055634e+00,7.072735e+00,-7.273483e-02
1.118250e+04,5.000000e+00,7.034119e+00,7.054042e+00,-2.054042e+00
1.118750e+04,5.000000e+00,7.012878e+00,7.035987e+00,-2.035987e+00
1.119250e+04,7.000000e+00,6.991699e+00,7.018381e+00,-1.838112e-02
1.119750e+04,5.000000e+00,6.970703e+00,7.001374e+00,-2.001374e+00
1.120250e+04,7.000000e+00,6.949921e+00,6.985018e+00,1.498175e-02
1.120750e+04,4.000000e+00,6.929230e+00,6.969213e+00,-2.969213e+00
1.121250e+04,1.400000e+01,6.908752e+00,6.954097e+00,7.045903e+00
1.121750e+04,6.000000e+00,6.888367e+00,6.939561e+00,-9.395614e-01
1.122250e+04,7.000000e+00,6.868195e+00,6.925735e+00,7.426548e-02
1.122750e+04,9.000000e+00,6.848206e+00,6.912586e+00,2.087414e+00
1.123250e+04,5.000000e+00,6.828308e+00,6.900019e+00,-1.900019e+00
1.123750e+04,6.000000e+00,6.808655e+00,6.888172e+00,-8.881717e-01
1.124250e+04,5.000000e+00,6.789093e+00,6.876868e+00,-1.876868e+00
1.124750e+04,4.000000e+00,6.769745e+00,6.866200e+00,-2.866200e+00
1.125250e+04,7.000000e+00,6.750488e+00,6.856005e+00,1.439948e-01
1.125750e+04,5.000000e+00,6.731415e+00,6.846324e+00,-1.846324e+00
1.126250e+04,5.000000e+00,6.712555e+00,6.837129e+00,-1.837129e+00
1.126750e+04,7.000000e+00,6.693787e+00,6.828229e+00,1.717706e-01
1.127250e+04,7.000000e+00,6.675232e+00,6.819671e+00,1.803288e-01
1.127750e+04,8.000000e+00,6.656799e+00,6.811278e+00,1.188722e+00
1.128250e+04,1.200000e+01,6.638519e+00,6.802990e+00,5.197010e+00
1.128750e+04,3.000000e+00,6.620483e+00,6.794802e+00,-3.794802e+00
1.129250e+04,8.000000e+00,6.602509e+00,6.786431e+00,1.213569e+00
1.129750e+04,1.400000e+01,6.584747e+00,6.777926e+00,7.222074e+00
1.130250e+04,6.000000e+00,6.567108e+00,6.769093e+00,-7.690930e-01
1.130750e+04,6.000000e+00,6.549622e+00,6.759860e+00,-7.598600e-01
1.131250e+04,1.000000e+01,6.532379e+00,6.750220e+00,3.249780e+00
1.131750e+04,5.000000e+00,6.515198e+00,6.739896e+00,-1.739896e+00
1.132250e+04,4.000000e+00,6.498260e+00,6.728985e+00,-2.728985e+00
1.132750e+04,1.000000e+01,6.481445e+00,6.717286e+00,3.282714e+00
1.133250e+04,4.000000e+00,6.464813e+00,6.704795e+00,-2.704795e+00
1.133750e+04,7.000000e+00,6.448273e+00,6.691363e+00,3.086367e-01
1.134250e+04,8.000000e+00,6.431915e+00,6.677042e+00,1.322958e+00
1.134750e+04,7.000000e+00,6.415771e+00,6.661834e+00,3.381658e-01
1.135250e+04,4.000000e+00,6.399719e+00,6.645604e+00,-2.645604e+00
1.135750e+04,1.100000e+01,6.383942e+00,6.628538e+00,4.371462e+00
1.136250e+04,6.000000e+00,6.368195e+00,6.610408e+00,-6.104078e-01
1.136750e+04,1.200000e+01,6.352631e+00,6.591400e+00,5.408600e+00
1.137250e+04,1.100000e+01,6.337311e+00,6.571620e+00,4.428380e+00
1.137750e+04,1.300000e+01,6.322083e+00,6.550974e+00,6.449026e+00
1.138250e+04,1.000000e+01,6.307037e+00,6.529625e+00,3.470375e+00
1.138750e+04,9.000000e+00,6.292114e+00,6.507593e+00,2.492407e+00
1.139250e+04,4.000000e+00,6.277374e+00,6.485027e+00,-2.485027e+00
1.139750e+04,7.000000e+00,6.262848e+00,6.462053e+00,5.379472e-01
1.140250e+04,5.000000e+00,6.248383e+00,6.438619e+00,-1.438619e+00
1.140750e+04,9.000000e+00,6.234161e+00,6.415011e+00,2.584989e+00
1.141250e+04,6.000000e+00,6.220062e+00,6.391221e+00,-3.912210e-01
1.141750e+04,5.000000e+00,6.206177e+00,6.367424e+00,-1.367424e+00
1.142250e+04,8.000000e+00,6.192352e+00,6.343577e+00,1.656423e+00
1.142750e+04,3.000000e+00,6.178711e+00,6.319895e+00,-3.319895e+00
1.143250e+04,7.000000e+00,6.165314e+00,6.296530e+00,7.034702e-01
1.143750e+04,8.000000e+00,6.152008e+00,6.273411e+00,1.726589e+00
1.144250e+04,8.000000e+00,6.138916e+00,6.250735e+00,1.749265e+00
1.144750e+04,3.000000e+00,6.125916e+00,6.228446e+00,-3.228446e+00
1.145250e+04,4.000000e+00,6.113068e+00,6.206662e+00,-2.206662e+00
1.145750e+04,2.000000e+00,6.100433e+00,6.185492e+00,-4.185492e+00
1.146250e+04,1.100000e+01,6.087921e+00,6.164882e+00,4.835118e+00
1.146750e+04,6.000000e+00,6.075623e+00,6.144953e+00,-1.449533e-01
1.147250e+04,5.000000e+00,6.063446e+00,6.125636e+00,-1.125636e+00
1.147750e+04,5.000000e+00,6.051422e+00,6.106972e+00,-1.106972e+00
1.148250e+04,3.000000e+00,6.039612e+00,6.089029e+00,-3.089029e+00
1.148750e+04,2.000000e+00,6.027893e+00,6.071684e+00,-4.071684e+00
1.149250e+04,6.000000e+00,6.016388e+00,6.055052e+00,-5.505180e-02
1.149750e+04,6.000000e+00,6.005005e+00,6.039028e+00,-3.902817e-02
1.150250e+04,6.000000e+00,5.993835e+00,6.023689e+00,-2.368927e-02
1.150750e+04,3.000000e+00,5.982758e+00,6.008893e+00,-3.008893e+00
1.151250e+04,6.000000e+00,5.971832e+00,5.994679e+00,5.320549e-03
1.151750e+04,6.000000e+00,5.961151e+00,5.981117e+00,1.888323e-02
1.152250e+04,7.000000e+00,5.950562e+00,5.968027e+00,1.031973e+00
1.152750e+04,8.000000e+00,5.940186e+00,5.955509e+00,2.044491e+00
1.153250e+04,6.000000e+00,5.929901e+00,5.943414e+00,5.658627e-02
1.153750e+04,8.000000e+00,5.919800e+00,5.931810e+00,2.068190e+00
1.154250e+04,5.000000e+00,5.909912e+00,5.920705e+00,-9.207048e-01
1.154750e+04,1.000000e+01,5.900116e+00,5.909954e+00,4.090046e+00
1.155250e+04,1.000000e+01,5.890533e+00,5.899658e+00,4.100342e+00
1.155750e+04,4.000000e+00,5.881073e+00,5.889707e+00,-1.889707e+00
1.156250e+04,1.100000e+01,5.871765e+00,5.880113e+00,5.119887e+00
1.156750e+04,7.000000e+00,5.862671e+00,5.870920e+00,1.129080e+00
1.157250e+04,7.000000e+00,5.853638e+00,5.861961e+00,1.138039e+00
1.157750e+04,6.000000e+00,5.844879e+00,5.853435e+00,1.465654e-01
1.158250e+04,8.000000e+00,5.836212e+00,5.845146e+00,2.154854e+00
1.158750e+04,6.000000e+00,5.827759e+00,5.837204e+00,1.627965e-01
1.159250e+04,2.000000e+00,5.819427e+00,5.829505e+00,-3.829505e+00
1.159750e+04,3.000000e+00,5.811249e+00,5.822071e+00,-2.822071e+00
1.160250e+04,5.000000e+00,5.803284e+00,5.814950e+00,-8.149495e-01
1.160750e+04,7.000000e+00,5.795410e+00,5.808009e+00,1.191991e+00
1.161250e+04,1.000000e+00,5.787720e+00,5.801330e+00,-4.801330e+00
1.161750e+04,6.000000e+00,5.780182e+00,5.794871e+00,2.051287e-01
1.162250e+04,4.000000e+00,5.772797e+00,5.788621e+00,-1.788621e+00
1.162750e+04,7.000000e+00,5.765656e+00,5.782660e+00,1.217340e+00
1.163250e+04,2.000000e+00,5.758575e+00,5.776792e+00,-3.776792e+00
1.163750e+04,3.000000e+00,5.751740e+00,5.771187e+00,-2.771187e+00
1.164250e+04,7.000000e+00,5.744965e+00,5.765651e+00,1.234349e+00
1.164750e+04,4.000000e+00,5.738373e+00,5.760214e+00,-1.760214e+00
1.165250e+04,6.000000e+00,5.732025e+00,5.755096e+00,2.449036e-01
1.165750e+04,6.000000e+00,5.725769e+00,5.750031e+00,2.499685e-01
1.166250e+04,4.000000e+00,5.719696e+00,5.745099e+00,-1.745099e+00
1.166750e+04,7.000000e+00,5.713745e+00,5.740225e+00,1.259775e+00
1.167250e+04,4.000000e+00,5.708038e+00,5.735519e+00,-1.735519e+00
1.167750e+04,8.000000e+00,5.702423e+00,5.730817e+00,2.269183e+00
1.168250e+04,7.000000e+00,5.696930e+00,5.726139e+00,1.273861e+00
1.168750e+04,6.000000e+00,5.691681e+00,5.721595e+00,2.784052e-01
1.169250e+04,3.000000e+00,5.686554e+00,5.717055e+00,-2.717055e+00
1.169750e+04,5.000000e+00,5.681610e+00,5.712573e+00,-7.125726e-01
1.170250e+04,7.000000e+00,5.676788e+00,5.708081e+00,1.291919e+00
1.170750e+04,4.000000e+00,5.672119e+00,5.703606e+00,-1.703606e+00
1.171250e+04,5.000000e+00,5.667664e+00,5.699206e+00,-6.992059e-01
1.171750e+04,5.000000e+00,5.663330e+00,5.694789e+00,-6.947889e-01
1.172250e+04,4.000000e+00,5.659210e+00,5.690447e+00,-1.690447e+00
1.172750e+04,6.000000e+00,5.655182e+00,5.686062e+00,3.139377e-01
1.173250e+04,4.000000e+00,5.651337e+00,5.681730e+00,-1.681730e+00
1.173750e+04,7.000000e+00,5.647675e+00,5.677456e+00,1.322544e+00
1.174250e+04,4.000000e+00,5.644135e+00,5.673189e+00,-1.673189e+00
1.174750e+04,5.000000e+00,5.640808e+00,5.669027e+00,-6.690273e-01
1.175250e+04,1.000000e+00,5.637573e+00,5.664861e+00,-4.664861e+00
1.175750e+04,5.000000e+00,5.634583e+00,5.660853e+00,-6.608529e-01
1.176250e+04,8.000000e+00,5.631653e+00,5.656833e+00,2.343167e+00
1.176750e+04,7.000000e+00,5.628937e+00,5.652965e+00,1.347035e+00
1.177250e+04,8.000000e+00,5.626404e+00,5.649231e+00,2.350769e+00
1.177750e+04,4.000000e+00,5.623993e+00,5.645585e+00,-1.645585e+00
1.178250e+04,1.000000e+00,5.621765e+00,5.642098e+00,-4.642098e+00
1.178750e+04,3.000000e+00,5.619690e+00,5.638753e+00,-2.638753e+00
1.179250e+04,1.300000e+01,5.617706e+00,5.635500e+00,7.364500e+00
1.179750e+04,8.000000e+00,5.616028e+00,5.632564e+00,2.367436e+00
1.180250e+04,4.000000e+00,5.614380e+00,5.629679e+00,-1.629679e+00
1.180750e+04,2.000000e+00,5.613007e+00,5.627099e+00,-3.627099e+00
1.181250e+04,4.000000e+00,5.611664e+00,5.624587e+00,-1.624587e+00
1.181750e+04,7.000000e+00,5.610565e+00,5.622365e+00,1.377635e+00
1.182250e+04,5.000000e+00,5.609619e+00,5.620345e+00,-6.203446e-01
1.182750e+04,1.100000e+01,5.608826e+00,5.618532e+00,5.381468e+00
1.183250e+04,3.000000e+00,5.608185e+00,5.616930e+00,-2.616930e+00
1.183750e+04,7.000000e+00,5.607727e+00,5.615572e+00,1.384428e+00
1.184250e+04,6.000000e+00,5.607422e+00,5.614428e+00,3.855720e-01
1.184750e+04,6.000000e+00,5.607239e+00,5.613468e+00,3.865318e-01
1.185250e+04,6.000000e+00,5.607239e+00,5.612753e+00,3.872466e-01
1.185750e+04,4.000000e+00,5.607422e+00,5.612282e+00,-1.612282e+00
1.186250e+04,7.000000e+00,5.607697e+00,5.611961e+00,1.388039e+00
1.186750e+04,5.000000e+00,5.608246e+00,5.611971e+00,-6.119709e-01
1.187250e+04,4.000000e+00,5.608856e+00,5.612096e+00,-1.612096e+00
1.187750e+04,3.000000e+00,5.609650e+00,5.612455e+00,-2.612455e+00
1.188250e+04,9.000000e+00,5.610657e+00,5.613075e+00,3.386925e+00
1.188750e+04,6.000000e+00,5.611755e+00,5.613831e+00,3.861690e-01
1.189250e+04,2.000000e+00,5.613068e+00,5.614841e+00,-3.614841e+00
1.189750e+04,6.000000e+00,5.614502e+00,5.616011e+00,3.839893e-01
1.190250e+04,6.000000e+00,5.616058e+00,5.617336e+00,3.826637e-01
1.190750e+04,6.000000e+00,5.617859e+00,5.618937e+00,3.810635e-01
1.191250e+04,9.000000e+00,5.619781e+00,5.620686e+00,3.379314e+00
1.191750e+04,6.000000e+00,5.621918e+00,5.622674e+00,3.773260e-01
1.192250e+04,3.000000e+00,5.624115e+00,5.624744e+00,-2.624744e+00
1.192750e+04,6.000000e+00,5.626556e+00,5.627078e+00,3.729224e-01
1.193250e+04,8.000000e+00,5.629120e+00,5.629550e+00,2.370450e+00
1.193750e+04,9.000000e+00,5.631805e+00,5.632158e+00,3.367842e+00
1.194250e+04,4.000000e+00,5.634735e+00,5.635024e+00,-1.635024e+00
1.194750e+04,1.000000e+00,5.637756e+00,5.637991e+00,-4.637991e+00
1.195250e+04,9.000000e+00,5.641022e+00,5.641212e+00,3.358788e+00
1.195750e+04,5.000000e+00,5.644348e+00,5.644502e+00,-6.445017e-01
1.196250e+04,7.000000e+00,5.647858e+00,5.647981e+00,1.352019e+00
1.196750e+04,3.000000e+00,5.651581e+00,5.651680e+00,-2.651680e+00
1.197250e+04,4.000000e+00,5.655396e+00,5.655474e+00,-1.655474e+00
1.197750e+04,3.000000e+00,5.659424e+00,5.659486e+00,-2.659486e+00
1.198250e+04,8.000000e+00,5.663605e+00,5.663654e+00,2.336346e+00
1.198750e+04,6.000000e+00,5.667908e+00,5.667946e+00,3.320537e-01
1.199250e+04,5.000000e+00,5.672424e+00,5.672454e+00,-6.724544e-01
1.199750e+04,7.000000e+00,5.677063e+00,5.677233e+00,1.322767e+00
1.200250e+04,4.000000e+00,5.681885e+00,5.682092e+00,-1.682092e+00
1.200750e+04,6.000000e+00,5.686829e+00,5.687087e+00,3.129129e-01
1.201250e+04,5.000000e+00,5.691986e+00,5.692300e+00,-6.923003e-01
1.201750e+04,1.000000e+00,5.697266e+00,5.697668e+00,-4.697668e+00
1.202250e+04,9.000000e+00,5.702698e+00,5.703210e+00,3.296790e+00
1.202750e+04,1.000000e+01,5.708344e+00,5.708994e+00,4.291006e+00
1.203250e+04,9.000000e+00,5.714111e+00,5.714933e+00,3.285067e+00
1.203750e+04,3.000000e+00,5.720062e+00,5.721097e+00,-2.721097e+00
1.204250e+04,2.000000e+00,5.726135e+00,5.727432e+00,-3.727432e+00
1.204750e+04,1.100000e+01,5.732361e+00,5.733979e+00,5.266021e+00
1.205250e+04,1.000000e+00,5.738831e+00,5.740841e+00,-4.740841e+00
1.205750e+04,4.000000e+00,5.745361e+00,5.747849e+00,-1.747849e+00
1.206250e+04,6.000000e+00,5.752136e+00,5.755201e+00,2.447991e-01
1.206750e+04,6.000000e+00,5.759003e+00,5.762763e+00,2.372375e-01
1.207250e+04,8.000000e+00,5.766022e+00,5.770615e+00,2.229385e+00
1.207750e+04,9.000000e+00,5.773285e+00,5.778873e+00,3.221127e+00
1.208250e+04,5.000000e+00,5.780640e+00,5.787409e+00,-7.874093e-01
1.208750e+04,5.000000e+00,5.788177e+00,5.796343e+00,-7.963433e-01
1.209250e+04,6.000000e+00,5.795837e+00,5.805646e+00,1.943541e-01
1.209750e+04,8.000000e+00,5.803741e+00,5.815474e+00,2.184526e+00
1.210250e+04,4.000000e+00,5.811737e+00,5.825711e+00,-1.825711e+00
1.210750e+04,2.000000e+00,5.819885e+00,5.836459e+00,-3.836459e+00
1.211250e+04,8.000000e+00,5.828247e+00,5.847821e+00,2.152179e+00
1.211750e+04,8.000000e+00,5.836731e+00,5.859751e+00,2.140249e+00
1.212250e+04,4.000000e+00,5.845428e+00,5.872387e+00,-1.872387e+00
1.212750e+04,3.000000e+00,5.854218e+00,5.885654e+00,-2.885654e+00
1.213250e+04,6.000000e+00,5.863159e+00,5.899664e+00,1.003361e-01
1.213750e+04,3.000000e+00,5.872314e+00,5.914525e+00,-2.914525e+00
1.214250e+04,7.000000e+00,5.881592e+00,5.930194e+00,1.069806e+00
1.214750e+04,3.000000e+00,5.891083e+00,5.946808e+00,-2.946808e+00
1.215250e+04,7.000000e+00,5.900696e+00,5.964318e+00,1.035682e+00
1.215750e+04,1.000000e+01,5.910461e+00,5.982793e+00,4.017207e+00
1.216250e+04,5.000000e+00,5.920410e+00,6.002297e+00,-1.002297e+00
1.216750e+04,9.000000e+00,5.930481e+00,6.022793e+00,2.977207e+00
1.217250e+04,8.000000e+00,5.940765e+00,6.044396e+00,1.955604e+00
1.217750e+04,5.000000e+00,5.951172e+00,6.067013e+00,-1.067013e+00
1.218250e+04,3.000000e+00,5.961792e+00,6.090735e+00,-3.090735e+00
1.218750e+04,4.000000e+00,5.972504e+00,6.115425e+00,-2.115425e+00
1.219250e+04,6.000000e+00,5.983368e+00,6.141114e+00,-1.411142e-01
1.219750e+04,5.000000e+00,5.994476e+00,6.167850e+00,-1.167850e+00
1.220250e+04,3.000000e+00,6.005676e+00,6.195423e+00,-3.195423e+00
1.220750e+04,6.000000e+00,6.017059e+00,6.223847e+00,-2.238474e-01
1.221250e+04,2.000000e+00,6.028595e+00,6.253004e+00,-4.253004e+00
1.221750e+04,2.000000e+00,6.040253e+00,6.282757e+00,-4.282757e+00
1.222250e+04,7.000000e+00,6.052155e+00,6.313108e+00,6.868920e-01
1.222750e+04,1.100000e+01,6.064148e+00,6.343769e+00,4.656231e+00
1.223250e+04,6.000000e+00,6.076355e+00,6.374716e+00,-3.747163e-01
1.223750e+04,8.000000e+00,6.088684e+00,6.405699e+00,1.594301e+00
1.224250e+04,9.000000e+00,6.101135e+00,6.436550e+00,2.563450e+00
1.224750e+04,7.000000e+00,6.113861e+00,6.467248e+00,5.327520e-01
1.225250e+04,7.000000e+00,6.126648e+00,6.497401e+00,5.025988e-01
1.225750e+04,6.000000e+00,6.139648e+00,6.526984e+00,-5.269837e-01
1.226250e+04,1.000000e+00,6.152802e+00,6.555757e+00,-5.555757e+00
1.226750e+04,9.000000e+00,6.166107e+00,6.583549e+00,2.416451e+00
1.227250e+04,9.000000e+00,6.179565e+00,6.610196e+00,2.389804e+00
1.227750e+04,8.000000e+00,6.193176e+00,6.635545e+00,1.364455e+00
1.228250e+04,5.000000e+00,6.206970e+00,6.659489e+00,-1.659489e+00
1.228750e+04,5.000000e+00,6.220886e+00,6.681846e+00,-1.681846e+00
1.229250e+04,7.000000e+00,6.235016e+00,6.702605e+00,2.973948e-01
1.229750e+04,9.000000e+00,6.249268e+00,6.721596e+00,2.278404e+00
1.230250e+04,5.000000e+00,6.263641e+00,6.740176e+00,-1.740176e+00
1.230750e+04,5.000000e+00,6.278290e+00,6.756051e+00,-1.756051e+00
1.231250e+04,5.000000e+00,6.292999e+00,6.770862e+00,-1.770862e+00
1.231750e+04,8.000000e+00,6.307922e+00,6.783525e+00,1.216475e+00
1.232250e+04,4.000000e+00,6.322998e+00,6.794646e+00,-2.794646e+00
1.232750e+04,5.000000e+00,6.338165e+00,6.804285e+00,-1.804285e+00
1.233250e+04,8.000000e+00,6.353607e+00,6.812778e+00,1.187222e+00
1.233750e+04,6.000000e+00,6.369110e+00,6.820099e+00,-8.200994e-01
1.234250e+04,7.000000e+00,6.384857e+00,6.826651e+00,1.733489e-01
1.234750e+04,6.000000e+00,6.400696e+00,6.832533e+00,-8.325329e-01
1.235250e+04,6.000000e+00,6.416748e+00,6.838150e+00,-8.381495e-01
1.235750e+04,8.000000e+00,6.432922e+00,6.843724e+00,1.156276e+00
1.236250e+04,1.300000e+01,6.449219e+00,6.849601e+00,6.150399e+00
1.236750e+04,7.000000e+00,6.465790e+00,6.856304e+00,1.436958e-01
1.237250e+04,5.000000e+00,6.482422e+00,6.864023e+00,-1.864023e+00
1.237750e+04,5.000000e+00,6.499298e+00,6.873379e+00,-1.873379e+00
1.238250e+04,4.000000e+00,6.516235e+00,6.884631e+00,-2.884631e+00
1.238750e+04,7.000000e+00,6.504497e+00,6.869534e+00,1.304655e-01
1.239250e+04,6.000000e+00,6.492758e+00,6.857275e+00,-8.572755e-01
1.239750e+04,6.000000e+00,6.481019e+00,6.848392e+00,-8.483915e-01
1.240250e+04,9.000000e+00,6.469280e+00,6.843446e+00,2.156554e+00
1.240750e+04,3.000000e+00,6.457541e+00,6.843025e+00,-3.843025e+00
1.241250e+04,4.000000e+00,6.445803e+00,6.847737e+00,-2.847737e+00
1.241750e+04,5.000000e+00,6.434064e+00,6.858212e+00,-1.858212e+00
1.242250e+04,4.000000e+00,6.422325e+00,6.875094e+00,-2.875094e+00
1.242750e+04,3.000000e+00,6.410586e+00,6.899043e+00,-3.899043e+00
1.243250e+04,4.000000e+00,6.398848e+00,6.930725e+00,-2.930725e+00
1.243750e+04,2.000000e+00,6.387109e+00,6.970806e+00,-4.970806e+00
1.244250e+04,6.000000e+00,6.375370e+00,7.019945e+00,-1.019945e+00
1.244750e+04,1.000000e+01,6.363631e+00,7.078786e+00,2.921214e+00
1.245250e+04,6.000000e+00,6.351892e+00,7.147944e+00,-1.147944e+00
1.245750e+04,5.000000e+00,6.340154e+00,7.227994e+00,-2.227994e+00
1.246250e+04,6.000000e+00,6.328415e+00,7.319459e+00,-1.319459e+00
1.246750e+04,7.000000e+00,6.316676e+00,7.422792e+00,-4.227924e-01
1.247250e+04,8.000000e+00,6.304937e+00,7.538363e+00,4.616370e-01
1.247750e+04,6.000000e+00,6.293199e+00,7.666440e+00,-1.666440e+00
1.248250e+04,1.000000e+01,6.281460e+00,7.807296e+00,2.192704e+00
1.248750e+04,8.000000e+00,6.269721e+00,7.960739e+00,3.926134e-02
1.249250e+04,7.000000e+00,6.257982e+00,8.126730e+00,-1.126730e+00
1.249750e+04,9.000000e+00,6.246243e+00,8.304972e+00,6.950283e-01
1.250250e+04,9.000000e+00,6.234505e+00,8.494989e+00,5.050106e-01
1.250750e+04,9.000000e+00,6.222766e+00,8.696116e+00,3.038836e-01
1.251250e+04,5.000000e+00,6.211027e+00,8.907492e+00,-3.907492e+00
1.251750e+04,9.000000e+00,6.199288e+00,9.128050e+00,-1.280499e-01
1.252250e+04,1.000000e+01,6.187550e+00,9.356522e+00,6.434784e-01
1.252750e+04,1.100000e+01,6.175811e+00,9.591440e+00,1.408560e+00
1.253250e+04,6.000000e+00,6.164072e+00,9.831146e+00,-3.831146e+00
1.253750e+04,6.000000e+00,6.152333e+00,1.007380e+01,-4.073799e+00
1.254250e+04,1.200000e+01,6.140594e+00,1.031740e+01,1.682599e+00
1.254750e+04,1.200000e+01,6.128856e+00,1.055981e+01,1.440193e+00
1.255250e+04,1.300000e+01,6.117117e+00,1.079877e+01,2.201233e+00
1.255750e+04,7.000000e+00,6.105378e+00,1.103194e+01,-4.031941e+00
1.256250e+04,8.000000e+00,6.093639e+00,1.125695e+01,-3.256950e+00
1.256750e+04,1.000000e+01,6.081901e+00,1.147140e+01,-1.471399e+00
1.257250e+04,1.300000e+01,6.070162e+00,1.167292e+01,1.327076e+00
1.257750e+04,8.000000e+00,6.058423e+00,1.185923e+01,-3.859232e+00
1.258250e+04,1.200000e+01,6.046684e+00,1.202814e+01,-2.814007e-02
1.258750e+04,1.700000e+01,6.034945e+00,1.217762e+01,4.822382e+00
1.259250e+04,1.400000e+01,6.023207e+00,1.230583e+01,1.694172e+00
1.259750e+04,1.000000e+01,6.011468e+00,1.241115e+01,-2.411154e+00
1.260250e+04,1.300000e+01,5.999729e+00,1.249225e+01,5.077543e-01
1.260750e+04,1.800000e+01,5.987990e+00,1.254803e+01,5.451970e+00
1.261250e+04,1.200000e+01,5.976252e+00,1.257757e+01,-5.775747e-01
1.261750e+04,1.100000e+01,5.964513e+00,1.258082e+01,-1.580824e+00
1.262250e+04,1.600000e+01,5.952774e+00,1.255745e+01,3.442551e+00
1.262750e+04,2.100000e+01,5.941035e+00,1.250768e+01,8.492321e+00
1.263250e+04,8.000000e+00,5.929296e+00,1.243207e+01,-4.432068e+00
1.263750e+04,1.200000e+01,5.917558e+00,1.233150e+01,-3.314953e-01
1.264250e+04,1.700000e+01,5.905819e+00,1.220713e+01,4.792871e+00
1.264750e+04,9.000000e+00,5.894080e+00,1.206042e+01,-3.060421e+00
1.265250e+04,1.500000e+01,5.882341e+00,1.189306e+01,3.106936e+00
1.265750e+04,9.000000e+00,5.870603e+00,1.170696e+01,-2.706964e+00
1.266250e+04,1.300000e+01,5.858864e+00,1.150426e+01,1.495735e+00
1.266750e+04,1.500000e+01,5.847125e+00,1.128707e+01,3.712929e+00
1.267250e+04,6.000000e+00,5.835386e+00,1.105774e+01,-5.057737e+00
1.267750e+04,8.000000e+00,5.823647e+00,1.081863e+01,-2.818625e+00
1.268250e+04,1.000000e+01,5.811909e+00,1.057210e+01,-5.721006e-01
1.268750e+04,1.100000e+01,5.800170e+00,1.032050e+01,6.794987e-01
1.269250e+04,9.000000e+00,5.788431e+00,1.006609e+01,-1.066094e+00
1.269750e+04,7.000000e+00,5.776692e+00,9.811142e+00,-2.811142e+00
1.270250e+04,1.200000e+01,5.764954e+00,9.557521e+00,2.442479e+00
1.270750e+04,9.000000e+00,5.753215e+00,9.307375e+00,-3.073750e-01
1.271250e+04,1.200000e+01,5.741476e+00,9.062075e+00,2.937925e+00
1.271750e+04,5.000000e+00,5.729737e+00,8.823283e+00,-3.823283e+00
1.272250e+04,1.000000e+01,5.717999e+00,8.592306e+00,1.407694e+00
1.272750e+04,7.000000e+00,5.706260e+00,8.370245e+00,-1.370245e+00
1.273250e+04,1.400000e+01,5.694521e+00,8.157990e+00,5.842010e+00
1.273750e+04,9.000000e+00,5.682782e+00,7.956227e+00,1.043773e+00
1.274250e+04,3.000000e+00,5.671043e+00,7.765445e+00,-4.765445e+00
1.274750e+04,1.100000e+01,5.659305e+00,7.585947e+00,3.414053e+00
1.275250e+04,7.000000e+00,5.647566e+00,7.417865e+00,-4.178648e-01
1.275750e+04,7.000000e+00,5.635827e+00,7.261177e+00,-2.611766e-01
1.276250e+04,6.000000e+00,5.624088e+00,7.115723e+00,-1.115723e+00
1.276750e+04,9.000000e+00,5.612350e+00,6.981229e+00,2.018771e+00
1.277250e+04,7.000000e+00,5.600611e+00,6.857324e+00,1.426764e-01
1.277750e+04,6.000000e+00,5.588872e+00,6.743558e+00,-7.435584e-01
1.278250e+04,5.000000e+00,5.577133e+00,6.639428e+00,-1.639428e+00
1.278750e+04,7.000000e+00,5.565394e+00,6.544383e+00,4.556170e-01
1.279250e+04,7.000000e+00,5.553656e+00,6.457870e+00,5.421300e-01
1.279750e+04,9.000000e+00,5.541917e+00,6.379309e+00,2.620691e+00
1.280250e+04,6.000000e+00,5.530178e+00,6.308136e+00,-3.081360e-01
1.280750e+04,4.000000e+00,5.518439e+00,6.243804e+00,-2.243804e+00
1.281250e+04,7.000000e+00,5.506701e+00,6.185795e+00,8.142047e-01
1.281750e+04,7.000000e+00,5.494962e+00,6.133627e+00,8.663726e-01
1.282250e+04,1.200000e+01,5.483223e+00,6.086859e+00,5.913141e+00
1.282750e+04,5.000000e+00,5.471484e+00,6.045091e+00,-1.045091e+00
1.283250e+04,8.000000e+00,5.459745e+00,6.007973e+00,1.992027e+00
1.283750e+04,7.000000e+00,5.448007e+00,5.975196e+00,1.024804e+00
1.284250e+04,9.000000e+00,5.436268e+00,5.946498e+00,3.053502e+00
1.284750e+04,3.000000e+00,5.424529e+00,5.921654e+00,-2.921654e+00
1.285250e+04,8.000000e+00,5.412790e+00,5.900477e+00,2.099523e+00
1.285750e+04,9.000000e+00,5.401052e+00,5.882810e+00,3.117190e+00
1.286250e+04,4.000000e+00,5.389313e+00,5.868521e+00,-1.868521e+00
1.286750e+04,5.000000e+00,5.377574e+00,5.857499e+00,-8.574986e-01
1.287250e+04,7.000000e+00,5.365835e+00,5.849642e+00,1.150358e+00
1.287750e+04,5.000000e+00,5.354096e+00,5.844858e+00,-8.448582e-01
1.288250e+04,7.000000e+00,5.342358e+00,5.843053e+00,1.156947e+00
1.288750e+04,5.000000e+00,5.330619e+00,5.844129e+00,-8.441286e-01
1.289250e+04,3.000000e+00,5.318880e+00,5.847983e+00,-2.847983e+00
1.289750e+04,7.000000e+00,5.307141e+00,5.854474e+00,1.145526e+00
1.290250e+04,9.000000e+00,5.295403e+00,5.863461e+00,3.136539e+00
1.290750e+04,3.000000e+00,5.283664e+00,5.874775e+00,-2.874775e+00
1.291250e+04,5.000000e+00,5.271925e+00,5.888220e+00,-8.882203e-01
1.291750e+04,9.000000e+00,5.260186e+00,5.903573e+00,3.096427e+00
1.292250e+04,5.000000e+00,5.248447e+00,5.920582e+00,-9.205818e-01
1.292750e+04,7.000000e+00,5.236709e+00,5.937639e+00,1.062361e+00
1.293250e+04,6.000000e+00,5.224970e+00,5.956668e+00,4.333162e-02
1.293750e+04,9.000000e+00,5.213231e+00,5.977273e+00,3.022727e+00
1.294250e+04,5.000000e+00,5.201492e+00,5.998180e+00,-9.981799e-01
1.294750e+04,5.000000e+00,5.189754e+00,6.019040e+00,-1.019040e+00
1.295250e+04,4.000000e+00,5.178015e+00,6.039488e+00,-2.039488e+00
1.295750e+04,1.100000e+01,5.166276e+00,6.059148e+00,4.940852e+00
1.296250e+04,9.000000e+00,5.154537e+00,6.077641e+00,2.922359e+00
1.296750e+04,1.000000e+01,5.142798e+00,6.094587e+00,3.905413e+00
1.297250e+04,5.000000e+00,5.131060e+00,6.109618e+00,-1.109618e+00
1.297750e+04,5.000000e+00,5.119321e+00,6.122378e+00,-1.122378e+00
1.298250e+04,7.000000e+00,5.107582e+00,6.132533e+00,8.674669e-01
1.298750e+04,7.000000e+00,5.095843e+00,6.139777e+00,8.602233e-01
1.299250e+04,6.000000e+00,5.084105e+00,6.143834e+00,-1.438341e-01
1.299750e+04,1.000000e+00,5.072366e+00,6.144468e+00,-5.144468e+00
1.300250e+04,3.000000e+00,5.060627e+00,6.141474e+00,-3.141474e+00
1.300750e+04,6.000000e+00,5.048888e+00,6.134723e+00,-1.347232e-01
1.301250e+04,3.000000e+00,5.037149e+00,6.124101e+00,-3.124101e+00
1.301750e+04,7.000000e+00,5.025411e+00,6.109552e+00,8.904476e-01
1.302250e+04,5.000000e+00,5.013672e+00,6.091075e+00,-1.091075e+00
1.302750e+04,8.000000e+00,5.001933e+00,6.068716e+00,1.931284e+00
1.303250e+04,4.000000e+00,4.990194e+00,6.042570e+00,-2.042570e+00
1.303750e+04,3.000000e+00,4.978456e+00,6.012777e+00,-3.012777e+00
1.304250e+04,3.000000e+00,4.966717e+00,5.979523e+00,-2.979523e+00
1.304750e+04,8.000000e+00,4.954978e+00,5.943030e+00,2.056970e+00
1.305250e+04,5.000000e+00,4.943239e+00,5.903559e+00,-9.035592e-01
1.305750e+04,6.000000e+00,4.931500e+00,5.861397e+00,1.386027e-01
1.306250e+04,6.000000e+00,4.919762e+00,5.816858e+00,1.831417e-01
1.306750e+04,4.000000e+00,4.908023e+00,5.770274e+00,-1.770274e+00
1.307250e+04,6.000000e+00,4.896284e+00,5.721998e+00,2.780023e-01
1.307750e+04,3.000000e+00,4.884545e+00,5.672365e+00,-2.672365e+00
1.308250e+04,5.000000e+00,4.872807e+00,5.621734e+00,-6.217341e-01
1.308750e+04,7.000000e+00,4.861068e+00,5.570453e+00,1.429547e+00
1.309250e+04,3.000000e+00,4.849329e+00,5.518860e+00,-2.518860e+00
1.309750e+04,3.000000e+00,4.837590e+00,5.467276e+00,-2.467276e+00
1.310250e+04,6.000000e+00,4.825851e+00,5.416005e+00,5.839949e-01
1.310750e+04,5.000000e+00,4.814113e+00,5.365214e+00,-3.652143e-01
1.311250e+04,2.000000e+00,4.802374e+00,5.315414e+00,-3.315414e+00
1.311750e+04,8.000000e+00,4.790635e+00,5.266686e+00,2.733314e+00
1.312250e+04,5.000000e+00,4.778896e+00,5.219231e+00,-2.192307e-01
1.312750e+04,5.000000e+00,4.767158e+00,5.173215e+00,-1.732149e-01
1.313250e+04,2.000000e+00,4.755419e+00,5.128778e+00,-3.128778e+00
1.313750e+04,3.000000e+00,4.743680e+00,5.086029e+00,-2.086029e+00
1.314250e+04,3.000000e+00,4.731941e+00,5.045045e+00,-2.045045e+00
1.314750e+04,4.000000e+00,4.720202e+00,5.005877e+00,-1.005877e+00
1.315250e+04,4.000000e+00,4.708464e+00,4.968551e+00,-9.685507e-01
1.315750e+04,5.000000e+00,4.696725e+00,4.933065e+00,6.693459e-02
1.316250e+04,8.000000e+00,4.684986e+00,4.899401e+00,3.100599e+00
1.316750e+04,8.000000e+00,4.673247e+00,4.867517e+00,3.132483e+00
1.317250e+04,4.000000e+00,4.661509e+00,4.837358e+00,-8.373580e-01
1.317750e+04,4.000000e+00,4.649770e+00,4.808854e+00,-8.088541e-01
1.318250e+04,5.000000e+00,4.638031e+00,4.781925e+00,2.180748e-01
1.318750e+04,5.000000e+00,4.626292e+00,4.756482e+00,2.435179e-01
1.319250e+04,6.000000e+00,4.614553e+00,4.732432e+00,1.267568e+00
1.319750e+04,1.000000e+00,4.602815e+00,4.709675e+00,-3.709675e+00
1.320250e+04,4.000000e+00,4.591076e+00,4.688114e+00,-6.881142e-01
1.320750e+04,4.000000e+00,4.579337e+00,4.667650e+00,-6.676497e-01
1.321250e+04,6.000000e+00,4.567598e+00,4.648185e+00,1.351815e+00
1.321750e+04,7.000000e+00,4.555860e+00,4.629626e+00,2.370374e+00
1.322250e+04,6.000000e+00,4.544121e+00,4.611886e+00,1.388114e+00
1.322750e+04,5.000000e+00,4.532382e+00,4.594879e+00,4.051213e-01
1.323250e+04,4.000000e+00,4.520643e+00,4.578528e+00,-5.785279e-01
1.323750e+04,6.000000e+00,4.508904e+00,4.562762e+00,1.437238e+00
1.324250e+04,3.000000e+00,4.497166e+00,4.547514e+00,-1.547514e+00
1.324750e+04,7.000000e+00,4.485427e+00,4.532727e+00,2.467273e+00
1.325250e+04,4.000000e+00,4.473688e+00,4.518347e+00,-5.183468e-01
1.325750e+04,3.000000e+00,4.461979e+00,4.504356e+00,-1.504356e+00
1.326250e+04,9.000000e+00,4.463638e+00,4.504054e+00,4.495946e+00
1.326750e+04,4.000000e+00,4.465286e+00,4.504022e+00,-5.040216e-01
1.327250e+04,4.000000e+00,4.466923e+00,4.504229e+00,-5.042286e-01
1.327750e+04,5.000000e+00,4.468552e+00,4.504651e+00,4.953489e-01
1.328250e+04,4.000000e+00,4.470169e+00,4.505260e+00,-5.052600e-01
1.328750e+04,5.000000e+00,4.471779e+00,4.506039e+00,4.939613e-01
1.329250e+04,5.000000e+00,4.473377e+00,4.506890e+00,4.931102e-01
1.329750e+04,3.000000e+00,4.474964e+00,4.507960e+00,-1.507960e+00
1.330250e+04,5.000000e+00,4.476540e+00,4.509140e+00,4.908595e-01
1.330750e+04,6.000000e+00,4.478111e+00,4.510425e+00,1.489575e+00
1.331250e+04,2.000000e+00,4.479668e+00,4.511788e+00,-2.511788e+00
1.331750e+04,7.000000e+00,4.481213e+00,4.513221e+00,2.486779e+00
1.332250e+04,4.000000e+00,4.482746e+00,4.514712e+00,-5.147119e-01
1.332750e+04,7.000000e+00,4.484272e+00,4.516150e+00,2.483850e+00
1.333250e+04,5.000000e+00,4.485786e+00,4.517744e+00,4.822559e-01
1.333750e+04,5.000000e+00,4.487297e+00,4.519148e+00,4.808521e-01
1.334250e+04,3.000000e+00,4.488789e+00,4.520810e+00,-1.520810e+00
1.334750e+04,3.000000e+00,4.490273e+00,4.522458e+00,-1.522458e+00
1.335250e+04,5.000000e+00,4.491741e+00,4.524076e+00,4.759245e-01
1.335750e+04,3.000000e+00,4.493206e+00,4.525664e+00,-1.525664e+00
1.336250e+04,3.000000e+00,4.494663e+00,4.527211e+00,-1.527211e+00
1.336750e+04,4.000000e+00,4.496101e+00,4.528695e+00,-5.286946e-01
1.337250e+04,5.000000e+00,4.497536e+00,4.530123e+00,4.698768e-01
1.337750e+04,4.000000e+00,4.498959e+00,4.531481e+00,-5.314808e-01
1.338250e+04,3.000000e+00,4.500366e+00,4.532756e+00,-1.532756e+00
1.338750e+04,3.000000e+00,4.501770e+00,4.533956e+00,-1.533956e+00
1.339250e+04,6.000000e+00,4.503162e+00,4.535067e+00,1.464933e+00
1.339750e+04,5.000000e+00,4.504547e+00,4.536090e+00,4.639096e-01
1.340250e+04,2.000000e+00,4.505917e+00,4.537016e+00,-2.537016e+00
1.340750e+04,8.000000e+00,4.507278e+00,4.537851e+00,3.462149e+00
1.341250e+04,6.000000e+00,4.508629e+00,4.538592e+00,1.461408e+00
1.341750e+04,2.000000e+00,4.509972e+00,4.539246e+00,-2.539246e+00
1.342250e+04,3.000000e+00,4.511303e+00,4.539812e+00,-1.539812e+00
1.342750e+04,7.000000e+00,4.512623e+00,4.540293e+00,2.459707e+00
1.343250e+04,7.000000e+00,4.513931e+00,4.540697e+00,2.459303e+00
1.343750e+04,3.000000e+00,4.515232e+00,4.541033e+00,-1.541033e+00
1.344250e+04,7.000000e+00,4.516525e+00,4.541308e+00,2.458692e+00
1.344750e+04,5.000000e+00,4.517799e+00,4.541519e+00,4.584813e-01
1.345250e+04,4.000000e+00,4.519066e+00,4.541686e+00,-5.416856e-01
1.345750e+04,3.000000e+00,4.520329e+00,4.541821e+00,-1.541821e+00
1.346250e+04,3.000000e+00,4.521568e+00,4.541914e+00,-1.541914e+00
1.346750e+04,4.000000e+00,4.522816e+00,4.542003e+00,-5.420032e-01
1.347250e+04,1.000000e+00,4.524036e+00,4.542065e+00,-3.542065e+00
1.347750e+04,4.000000e+00,4.525253e+00,4.542128e+00,-5.421281e-01
1.348250e+04,4.000000e+00,4.526459e+00,4.542194e+00,-5.421939e-01
1.348750e+04,4.000000e+00,4.527657e+00,4.542273e+00,-5.422730e-01
1.349250e+04,4.000000e+00,4.528843e+00,4.542368e+00,-5.423684e-01
1.349750e+04,5.000000e+00,4.530018e+00,4.542486e+00,4.575138e-01
1.350250e+04,6.000000e+00,4.531185e+00,4.542634e+00,1.457366e+00
1.350750e+04,4.000000e+00,4.532341e+00,4.542814e+00,-5.428138e-01
1.351250e+04,9.000000e+00,4.533489e+00,4.543032e+00,4.456968e+00
1.351750e+04,5.000000e+00,4.534622e+00,4.543283e+00,4.567165e-01
1.352250e+04,8.000000e+00,4.535748e+00,4.543578e+00,3.456422e+00
1.352750e+04,3.000000e+00,4.536861e+00,4.543904e+00,-1.543904e+00
1.353250e+04,4.000000e+00,4.537968e+00,4.544287e+00,-5.442867e-01
1.353750e+04,6.000000e+00,4.539059e+00,4.544706e+00,1.455294e+00
1.354250e+04,5.000000e+00,4.540146e+00,4.545174e+00,4.548264e-01
1.354750e+04,3.000000e+00,4.541218e+00,4.545676e+00,-1.545676e+00
1.355250e+04,9.000000e+00,4.542282e+00,4.546220e+00,4.453780e+00
1.355750e+04,6.000000e+00,4.543335e+00,4.546800e+00,1.453200e+00
1.356250e+04,1.000000e+00,4.544380e+00,4.547417e+00,-3.547417e+00
1.356750e+04,4.000000e+00,4.545410e+00,4.548061e+00,-5.480609e-01
1.357250e+04,6.000000e+00,4.546436e+00,4.548741e+00,1.451259e+00
1.357750e+04,6.000000e+00,4.547440e+00,4.549436e+00,1.450564e+00
1.358250e+04,4.000000e+00,4.548443e+00,4.550165e+00,-5.501647e-01
1.358750e+04,2.000000e+00,4.549431e+00,4.550910e+00,-2.550910e+00
1.359250e+04,8.000000e+00,4.550411e+00,4.551678e+00,3.448322e+00
1.359750e+04,3.000000e+00,4.551384e+00,4.552464e+00,-1.552464e+00
1.360250e+04,3.000000e+00,4.552345e+00,4.553262e+00,-1.553262e+00
1.360750e+04,7.000000e+00,4.553295e+00,4.554071e+00,2.445929e+00
1.361250e+04,3.000000e+00,4.554234e+00,4.554887e+00,-1.554887e+00
1.361750e+04,1.000000e+01,4.555164e+00,4.555713e+00,5.444287e+00
1.362250e+04,6.000000e+00,4.556087e+00,4.556546e+00,1.443454e+00
1.362750e+04,9.000000e+00,4.556992e+00,4.557374e+00,4.442626e+00
1.363250e+04,7.000000e+00,4.557892e+00,4.558208e+00,2.441792e+00
1.363750e+04,5.000000e+00,4.558781e+00,4.559042e+00,4.409575e-01
1.364250e+04,3.000000e+00,4.559662e+00,4.559877e+00,-1.559877e+00
1.364750e+04,2.000000e+00,4.560528e+00,4.560704e+00,-2.560704e+00
1.365250e+04,4.000000e+00,4.561386e+00,4.561530e+00,-5.615301e-01
1.365750e+04,8.000000e+00,4.562233e+00,4.562350e+00,3.437650e+00
1.366250e+04,3.000000e+00,4.563072e+00,4.563167e+00,-1.563167e+00
1.366750e+04,5.000000e+00,4.563900e+00,4.563977e+00,4.360232e-01
1.367250e+04,4.000000e+00,4.564716e+00,4.564778e+00,-5.647779e-01
1.367750e+04,6.000000e+00,4.565521e+00,4.565570e+00,1.434430e+00
1.368250e+04,4.000000e+00,4.566322e+00,4.566362e+00,-5.663619e-01
1.368750e+04,4.000000e+00,4.567104e+00,4.567136e+00,-5.671358e-01
1.369250e+04,8.000000e+00,4.567883e+00,4.567907e+00,3.432093e+00
1.369750e+04,3.000000e+00,4.568638e+00,4.568657e+00,-1.568657e+00
1.370250e+04,3.000000e+00,4.569397e+00,4.569412e+00,-1.569412e+00
1.370750e+04,5.000000e+00,4.570137e+00,4.570149e+00,4.298511e-01
1.371250e+04,5.000000e+00,4.570873e+00,4.570873e+00,4.291267e-01
1.371750e+04,2.000000e+00,4.571598e+00,4.571598e+00,-2.571598e+00
1.372250e+04,4.000000e+00,4.572311e+00,4.572311e+00,-5.723114e-01
1.372750e+04,8.000000e+00,4.573013e+00,4.573013e+00,3.426987e+00
1.373250e+04,6.000000e+00,4.573708e+00,4.573708e+00,1.426292e+00
1.373750e+04,4.000000e+00,4.574394e+00,4.574394e+00,-5.743942e-01
1.374250e+04,4.000000e+00,4.575066e+00,4.575066e+00,-5.750656e-01
1.374750e+04,3.000000e+00,4.575729e+00,4.575729e+00,-1.575729e+00
1.375250e+04,4.000000e+00,4.576382e+00,4.576382e+00,-5.763817e-01
1.375750e+04,5.000000e+00,4.577023e+00,4.577023e+00,4.229774e-01
1.376250e+04,4.000000e+00,4.577656e+00,4.577656e+00,-5.776558e-01
1.376750e+04,6.000000e+00,4.578278e+00,4.578278e+00,1.421722e+00
1.377250e+04,5.000000e+00,4.578888e+00,4.578888e+00,4.211121e-01
1.377750e+04,2.000000e+00,4.579491e+00,4.579491e+00,-2.579491e+00
1.378250e+04,5.000000e+00,4.580082e+00,4.580082e+00,4.199181e-01
1.378750e+04,4.000000e+00,4.580662e+00,4.580662e+00,-5.806618e-01
1.379250e+04,1.000000e+01,4.581234e+00,4.581234e+00,5.418766e+00
1.379750e+04,5.000000e+00,4.581791e+00,4.581791e+00,4.182091e-01
1.380250e+04,5.000000e+00,4.582333e+00,4.582333e+00,4.176674e-01
1.380750e+04,4.000000e+00,4.582882e+00,4.582882e+00,-5.828819e-01
1.381250e+04,5.000000e+00,4.583405e+00,4.583405e+00,4.165955e-01
1.381750e+04,2.000000e+00,4.583923e+00,4.583923e+00,-2.583923e+00
1.382250e+04,5.000000e+00,4.584431e+00,4.584431e+00,4.155693e-01
1.382750e+04,7.000000e+00,4.584927e+00,4.584927e+00,2.415073e+00
1.383250e+04,5.000000e+00,4.585419e+00,4.585419e+00,4.145813e-01
1.383750e+04,1.100000e+01,4.585896e+00,4.585896e+00,6.414104e+00
1.384250e+04,1.000000e+00,4.586365e+00,4.586365e+00,-3.586365e+00
1.384750e+04,1.000000e+00,4.586823e+00,4.586823e+00,-3.586823e+00
1.385250e+04,2.000000e+00,4.587265e+00,4.587265e+00,-2.587265e+00
1.385750e+04,4.000000e+00,4.587704e+00,4.587704e+00,-5.877037e-01
1.386250e+04,3.000000e+00,4.588131e+00,4.588131e+00,-1.588131e+00
1.386750e+04,7.000000e+00,4.588547e+00,4.588547e+00,2.411453e+00
1.387250e+04,6.000000e+00,4.588951e+00,4.588951e+00,1.411049e+00
1.387750e+04,4.000000e+00,4.589348e+00,4.589348e+00,-5.893478e-01
1.388250e+04,3.000000e+00,4.589737e+00,4.589737e+00,-1.589737e+00
1.388750e+04,4.000000e+00,4.590111e+00,4.590111e+00,-5.901108e-01
1.389250e+04,7.000000e+00,4.590473e+00,4.590473e+00,2.409527e+00
1.389750e+04,5.000000e+00,4.590828e+00,4.590828e+00,4.091721e-01
1.390250e+04,4.000000e+00,4.591175e+00,4.591175e+00,-5.911751e-01
1.390750e+04,2.000000e+00,4.591503e+00,4.591503e+00,-2.591503e+00
1.391250e+04,3.000000e+00,4.591831e+00,4.591831e+00,-1.591831e+00
1.391750e+04,4.000000e+00,4.592140e+00,4.592140e+00,-5.921402e-01
1.392250e+04,4.000000e+00,4.592442e+00,4.592442e+00,-5.924416e-01
1.392750e+04,3.000000e+00,4.592735e+00,4.592735e+00,-1.592735e+00
1.393250e+04,4.000000e+00,4.593014e+00,4.593014e+00,-5.930138e-01
1.393750e+04,5.000000e+00,4.593288e+00,4.593288e+00,4.067116e-01
1.394250e+04,8.000000e+00,4.593552e+00,4.593552e+00,3.406448e+00
1.394750e+04,7.000000e+00,4.593803e+00,4.593803e+00,2.406197e+00
1.395250e+04,7.000000e+00,4.594044e+00,4.594044e+00,2.405956e+00
1.395750e+04,7.000000e+00,4.594276e+00,4.594276e+00,2.405724e+00
1.396250e+04,0.000000e+00,4.594498e+00,4.594498e+00,-4.594498e+00
1.396750e+04,3.000000e+00,4.594711e+00,4.594711e+00,-1.594711e+00
1.397250e+04,5.000000e+00,4.594910e+00,4.594910e+00,4.050903e-01
1.397750e+04,3.000000e+00,4.595097e+00,4.595097e+00,-1.595097e+00
1.398250e+04,6.000000e+00,4.595280e+00,4.595280e+00,1.404720e+00
1.398750e+04,6.000000e+00,4.595451e+00,4.595451e+00,1.404549e+00
1.399250e+04,3.000000e+00,4.595612e+00,4.595612e+00,-1.595612e+00
1.399750e+04,2.000000e+00,4.595760e+00,4.595760e+00,-2.595760e+00
1.400250e+04,7.000000e+00,4.595898e+00,4.595898e+00,2.404102e+00
1.400750e+04,3.000000e+00,4.596027e+00,4.596027e+00,-1.596027e+00
1.401250e+04,5.000000e+00,4.596142e+00,4.596142e+00,4.038582e-01
1.401750e+04,6.000000e+00,4.596252e+00,4.596252e+00,1.403748e+00
1.402250e+04,4.000000e+00,4.596352e+00,4.596352e+00,-5.963516e-01
1.402750e+04,3.000000e+00,4.596428e+00,4.596428e+00,-1.596428e+00
1.403250e+04,2.000000e+00,4.596516e+00,4.596516e+00,-2.596516e+00
1.403750e+04,6.000000e+00,4.596573e+00,4.596573e+00,1.403427e+00
1.404250e+04,5.000000e+00,4.596630e+00,4.596630e+00,4.033699e-01
1.404750e+04,2.000000e+00,4.596680e+00,4.596680e+00,-2.596680e+00
1.405250e+04,1.100000e+01,4.596714e+00,4.596714e+00,6.403286e+00
1.405750e+04,5.000000e+00,4.596741e+00,4.596741e+00,4.032593e-01
1.406250e+04,2.000000e+00,4.596756e+00,4.596756e+00,-2.596756e+00
1.406750e+04,5.000000e+00,4.596760e+00,4.596760e+00,4.032402e-01
1.407250e+04,7.000000e+00,4.596756e+00,4.596756e+00,2.403244e+00
1.407750e+04,6.000000e+00,4.596741e+00,4.596741e+00,1.403259e+00
1.408250e+04,6.000000e+00,4.596718e+00,4.596718e+00,1.403282e+00
1.408750e+04,4.000000e+00,4.596684e+00,4.596684e+00,-5.966835e-01
1.409250e+04,1.000000e+00,4.596634e+00,4.596634e+00,-3.596634e+00
1.409750e+04,3.000000e+00,4.596581e+00,4.596581e+00,-1.596581e+00
1.410250e+04,3.000000e+00,4.596512e+00,4.596512e+00,-1.596512e+00
1.410750e+04,4.000000e+00,4.596436e+00,4.596436e+00,-5.964355e-01
1.411250e+04,6.000000e+00,4.596348e+00,4.596348e+00,1.403652e+00
1.411750e+04,4.000000e+00,4.596249e+00,4.596249e+00,-5.962486e-01
1.412250e+04,6.000000e+00,4.596142e+00,4.596142e+00,1.403858e+00
1.412750e+04,4.000000e+00,4.596024e+00,4.596024e+00,-5.960236e-01
1.413250e+04,3.000000e+00,4.595898e+00,4.595898e+00,-1.595898e+00
1.413750e+04,6.000000e+00,4.595757e+00,4.595757e+00,1.404243e+00
1.414250e+04,3.000000e+00,4.595604e+00,4.595604e+00,-1.595604e+00
1.414750e+04,3.000000e+00,4.595444e+00,4.595444e+00,-1.595444e+00
1.415250e+04,3.000000e+00,4.595272e+00,4.595272e+00,-1.595272e+00
1.415750e+04,4.000000e+00,4.595093e+00,4.595093e+00,-5.950928e-01
1.416250e+04,2.000000e+00,4.594902e+00,4.594902e+00,-2.594902e+00
1.416750e+04,3.000000e+00,4.594704e+00,4.594704e+00,-1.594704e+00
1.417250e+04,4.000000e+00,4.594494e+00,4.594494e+00,-5.944939e-01
1.417750e+04,3.000000e+00,4.594273e+00,4.594273e+00,-1.594273e+00
1.418250e+04,7.000000e+00,4.594044e+00,4.594044e+00,2.405956e+00
1.418750e+04,3.000000e+00,4.593803e+00,4.593803e+00,-1.593803e+00
1.419250e+04,3.000000e+00,4.593552e+00,4.593552e+00,-1.593552e+00
1.419750e+04,4.000000e+00,4.593288e+00,4.593288e+00,-5.932884e-01
1.420250e+04,2.000000e+00,4.593018e+00,4.593018e+00,-2.593018e+00
1.420750e+04,6.000000e+00,4.592735e+00,4.592735e+00,1.407265e+00
1.421250e+04,5.000000e+00,4.592438e+00,4.592438e+00,4.075623e-01
1.421750e+04,4.000000e+00,4.592140e+00,4.592140e+00,-5.921402e-01
1.422250e+04,3.000000e+00,4.591827e+00,4.591827e+00,-1.591827e+00
1.422750e+04,5.000000e+00,4.591503e+00,4.591503e+00,4.084969e-01
1.423250e+04,4.000000e+00,4.591167e+00,4.591167e+00,-5.911674e-01
1.423750e+04,5.000000e+00,4.590824e+00,4.590824e+00,4.091759e-01
1.424250e+04,2.000000e+00,4.590469e+00,4.590469e+00,-2.590469e+00
1.424750e+04,4.000000e+00,4.590107e+00,4.590107e+00,-5.901070e-01
1.425250e+04,7.000000e+00,4.589733e+00,4.589733e+00,2.410267e+00
1.425750e+04,3.000000e+00,4.589344e+00,4.589344e+00,-1.589344e+00
1.426250e+04,4.000000e+00,4.588943e+00,4.588943e+00,-5.889435e-01
1.426750e+04,1.000000e+00,4.588539e+00,4.588539e+00,-3.588539e+00
1.427250e+04,1.000000e+00,4.588123e+00,4.588123e+00,-3.588123e+00
1.427750e+04,8.000000e+00,4.587696e+00,4.587696e+00,3.412304e+00
1.428250e+04,5.000000e+00,4.587261e+00,4.587261e+00,4.127388e-01
1.428750e+04,3.000000e+00,4.586815e+00,4.586815e+00,-1.586815e+00
1.429250e+04,3.000000e+00,4.586357e+00,4.586357e+00,-1.586357e+00
1.429750e+04,9.000000e+00,4.585892e+00,4.585892e+00,4.414108e+00
1.430250e+04,4.000000e+00,4.585415e+00,4.585415e+00,-5.854149e-01
1.430750e+04,6.000000e+00,4.584927e+00,4.584927e+00,1.415073e+00
1.431250e+04,5.000000e+00,4.584427e+00,4.584427e+00,4.155731e-01
1.431750e+04,3.000000e+00,4.583920e+00,4.583920e+00,-1.583920e+00
1.432250e+04,5.000000e+00,4.583401e+00,4.583401e+00,4.165993e-01
1.432750e+04,5.000000e+00,4.582870e+00,4.582870e+00,4.171295e-01
1.433250e+04,4.000000e+00,4.582333e+00,4.582333e+00,-5.823326e-01
1.433750e+04,7.000000e+00,4.581783e+00,4.581783e+00,2.418217e+00
1.434250e+04,3.000000e+00,4.581226e+00,4.581226e+00,-1.581226e+00
1.434750e+04,6.000000e+00,4.580658e+00,4.580658e+00,1.419342e+00
1.435250e+04,4.000000e+00,4.580074e+00,4.580074e+00,-5.800743e-01
1.435750e+04,3.000000e+00,4.579483e+00,4.579483e+00,-1.579483e+00
1.436250e+04,1.000000e+00,4.578880e+00,4.578880e+00,-3.578880e+00
1.436750e+04,5.000000e+00,4.578266e+00,4.578266e+00,4.217339e-01
1.437250e+04,4.000000e+00,4.577644e+00,4.577644e+00,-5.776443e-01
1.437750e+04,5.000000e+00,4.577015e+00,4.577015e+00,4.229851e-01
1.438250e+04,6.000000e+00,4.576370e+00,4.576370e+00,1.423630e+00
1.438750e+04,6.000000e+00,4.575722e+00,4.575722e+00,1.424278e+00
1.439250e+04,7.000000e+00,4.575058e+00,4.575058e+00,2.424942e+00
1.439750e+04,1.200000e+01,4.574383e+00,4.574383e+00,7.425617e+00
1.440250e+04,2.000000e+00,4.573700e+00,4.573700e+00,-2.573700e+00
1.440750e+04,6.000000e+00,4.573009e+00,4.573009e+00,1.426991e+00
1.441250e+04,3.000000e+00,4.572308e+00,4.572308e+00,-1.572308e+00
1.441750e+04,4.000000e+00,4.571590e+00,4.571590e+00,-5.715904e-01
1.442250e+04,9.000000e+00,4.570866e+00,4.570866e+00,4.429134e+00
1.442750e+04,5.000000e+00,4.570133e+00,4.570133e+00,4.298668e-01
1.443250e+04,2.000000e+00,4.569389e+00,4.569619e+00,-2.569619e+00
1.443750e+04,4.000000e+00,4.568634e+00,4.568925e+00,-5.689254e-01
1.444250e+04,6.000000e+00,4.567867e+00,4.568236e+00,1.431764e+00
1.444750e+04,3.000000e+00,4.567093e+00,4.567557e+00,-1.567557e+00
1.445250e+04,6.000000e+00,4.566307e+00,4.566889e+00,1.433111e+00
1.445750e+04,5.000000e+00,4.565510e+00,4.566238e+00,4.337621e-01
1.446250e+04,4.000000e+00,4.564705e+00,4.565612e+00,-5.656118e-01
1.446750e+04,8.000000e+00,4.563892e+00,4.565018e+00,3.434982e+00
1.447250e+04,7.000000e+00,4.563057e+00,4.564449e+00,2.435551e+00
1.447750e+04,5.000000e+00,4.562225e+00,4.563941e+00,4.360585e-01
1.448250e+04,7.000000e+00,4.561378e+00,4.563486e+00,2.436514e+00
1.448750e+04,7.000000e+00,4.560516e+00,4.563095e+00,2.436905e+00
1.449250e+04,2.000000e+00,4.559647e+00,4.562790e+00,-2.562790e+00
1.449750e+04,3.000000e+00,4.558769e+00,4.562587e+00,-1.562587e+00
1.450250e+04,5.000000e+00,4.557880e+00,4.562502e+00,4.374981e-01
1.450750e+04,5.000000e+00,4.556984e+00,4.562557e+00,4.374428e-01
1.451250e+04,2.000000e+00,4.556072e+00,4.562770e+00,-2.562770e+00
1.451750e+04,6.000000e+00,4.555153e+00,4.563172e+00,1.436828e+00
1.452250e+04,7.000000e+00,4.554226e+00,4.563794e+00,2.436206e+00
1.452750e+04,6.000000e+00,4.553284e+00,4.564657e+00,1.435343e+00
1.453250e+04,6.000000e+00,4.552334e+00,4.565806e+00,1.434194e+00
1.453750e+04,4.000000e+00,4.551373e+00,4.567272e+00,-5.672722e-01
1.454250e+04,4.000000e+00,4.550404e+00,4.569101e+00,-5.691013e-01
1.454750e+04,3.000000e+00,4.549423e+00,4.571332e+00,-1.571332e+00
1.455250e+04,4.000000e+00,4.548435e+00,4.574015e+00,-5.740147e-01
1.455750e+04,3.000000e+00,4.547432e+00,4.577189e+00,-1.577189e+00
1.456250e+04,4.000000e+00,4.546421e+00,4.580914e+00,-5.809140e-01
1.456750e+04,6.000000e+00,4.545399e+00,4.585237e+00,1.414763e+00
1.457250e+04,3.000000e+00,4.544369e+00,4.590215e+00,-1.590215e+00
1.457750e+04,6.000000e+00,4.543324e+00,4.595894e+00,1.404106e+00
1.458250e+04,0.000000e+00,4.542271e+00,4.602335e+00,-4.602335e+00
1.458750e+04,5.000000e+00,4.541206e+00,4.609586e+00,3.904142e-01
1.459250e+04,3.000000e+00,4.540131e+00,4.617696e+00,-1.617696e+00
1.459750e+04,1.000000e+00,4.539051e+00,4.626720e+00,-3.626720e+00
1.460250e+04,3.000000e+00,4.537949e+00,4.636681e+00,-1.636681e+00
1.460750e+04,3.000000e+00,4.536846e+00,4.647637e+00,-1.647637e+00
1.461250e+04,3.000000e+00,4.535732e+00,4.659607e+00,-1.659607e+00
1.461750e+04,6.000000e+00,4.534607e+00,4.672614e+00,1.327386e+00
1.462250e+04,2.000000e+00,4.533470e+00,4.686667e+00,-2.686667e+00
1.462750e+04,4.000000e+00,4.532330e+00,4.701776e+00,-7.017760e-01
1.463250e+04,3.000000e+00,4.531170e+00,4.717916e+00,-1.717916e+00
1.463750e+04,2.000000e+00,4.530006e+00,4.735077e+00,-2.735077e+00
1.464250e+04,5.000000e+00,4.528831e+00,4.753215e+00,2.467852e-01
1.464750e+04,4.000000e+00,4.527645e+00,4.772277e+00,-7.722769e-01
1.465250e+04,3.000000e+00,4.526447e+00,4.792194e+00,-1.792194e+00
1.465750e+04,4.000000e+00,4.525238e+00,4.812884e+00,-8.128843e-01
1.466250e+04,2.000000e+00,4.524025e+00,4.834255e+00,-2.834255e+00
1.466750e+04,3.000000e+00,4.522797e+00,4.856180e+00,-1.856180e+00
1.467250e+04,5.000000e+00,4.521561e+00,4.878535e+00,1.214647e-01
1.467750e+04,1.000000e+00,4.520309e+00,4.901169e+00,-3.901169e+00
1.468250e+04,9.000000e+00,4.519054e+00,4.923936e+00,4.076064e+00
1.468750e+04,5.000000e+00,4.517784e+00,4.946654e+00,5.334616e-02
1.469250e+04,3.000000e+00,4.516506e+00,4.969150e+00,-1.969150e+00
1.469750e+04,4.000000e+00,4.515209e+00,4.991227e+00,-9.912267e-01
1.470250e+04,3.000000e+00,4.513920e+00,5.012716e+00,-2.012716e+00
1.470750e+04,2.000000e+00,4.512600e+00,5.033385e+00,-3.033385e+00
1.471250e+04,1.000000e+00,4.511280e+00,5.053066e+00,-4.053066e+00
1.471750e+04,6.000000e+00,4.509953e+00,5.071558e+00,9.284420e-01
1.472250e+04,5.000000e+00,4.508610e+00,5.088665e+00,-8.866501e-02
1.472750e+04,3.000000e+00,4.507259e+00,5.104215e+00,-2.104215e+00
1.473250e+04,7.000000e+00,4.505901e+00,5.118039e+00,1.881961e+00
1.473750e+04,9.000000e+00,4.504532e+00,5.129980e+00,3.870020e+00
1.474250e+04,7.000000e+00,4.503147e+00,5.139894e+00,1.860106e+00
1.474750e+04,3.000000e+00,4.501759e+00,5.147676e+00,-2.147676e+00
1.475250e+04,1.000000e+00,4.500355e+00,5.153218e+00,-4.153218e+00
1.475750e+04,7.000000e+00,4.498943e+00,5.156452e+00,1.843548e+00
1.476250e+04,5.000000e+00,4.497520e+00,5.157333e+00,-1.573334e-01
1.476750e+04,4.000000e+00,4.496090e+00,5.155827e+00,-1.155827e+00
1.477250e+04,1.100000e+01,4.494644e+00,5.151931e+00,5.848069e+00
1.477750e+04,3.000000e+00,4.493191e+00,5.145681e+00,-2.145681e+00
1.478250e+04,1.000000e+01,4.491726e+00,5.137125e+00,4.862875e+00
1.478750e+04,2.000000e+00,4.490253e+00,5.126343e+00,-3.126343e+00
1.479250e+04,2.000000e+00,4.488770e+00,5.113429e+00,-3.113429e+00
1.479750e+04,3.000000e+00,4.487274e+00,5.098504e+00,-2.098504e+00
1.480250e+04,4.000000e+00,4.485767e+00,5.081705e+00,-1.081705e+00
1.480750e+04,6.000000e+00,4.484257e+00,5.063197e+00,9.368029e-01
1.481250e+04,7.000000e+00,4.482731e+00,5.043138e+00,1.956862e+00
1.481750e+04,9.000000e+00,4.481190e+00,5.021709e+00,3.978291e+00
1.482250e+04,7.000000e+00,4.479649e+00,4.999115e+00,2.000885e+00
1.482750e+04,9.000000e+00,4.478085e+00,4.975526e+00,4.024474e+00
1.483250e+04,3.000000e+00,4.476521e+00,4.951165e+00,-1.951165e+00
1.483750e+04,0.000000e+00,4.474941e+00,4.926211e+00,-4.926211e+00
1.484250e+04,8.000000e+00,4.473358e+00,4.900949e+00,3.099051e+00
1.484750e+04,1.000000e+00,4.471760e+00,4.875420e+00,-3.875420e+00
1.485250e+04,2.000000e+00,4.470154e+00,4.849873e+00,-2.849873e+00
1.485750e+04,6.000000e+00,4.468533e+00,4.824471e+00,1.175529e+00
1.486250e+04,3.000000e+00,4.466908e+00,4.799387e+00,-1.799387e+00
1.486750e+04,5.000000e+00,4.465271e+00,4.774760e+00,2.252402e-01
1.487250e+04,6.000000e+00,4.463619e+00,4.750717e+00,1.249283e+00
1.487750e+04,7.000000e+00,4.461964e+00,4.727387e+00,2.272613e+00
1.488250e+04,5.000000e+00,4.460293e+00,4.704863e+00,2.951374e-01
1.488750e+04,2.000000e+00,4.458614e+00,4.683238e+00,-2.683238e+00
1.489250e+04,1.000000e+00,4.456921e+00,4.662577e+00,-3.662577e+00
1.489750e+04,6.000000e+00,4.455223e+00,4.642948e+00,1.357052e+00
1.490250e+04,6.000000e+00,4.453514e+00,4.624386e+00,1.375614e+00
1.490750e+04,7.000000e+00,4.451794e+00,4.606952e+00,2.393048e+00
1.491250e+04,6.000000e+00,4.450062e+00,4.590610e+00,1.409390e+00
1.491750e+04,1.000000e+00,4.448322e+00,4.575395e+00,-3.575395e+00
1.492250e+04,5.000000e+00,4.446571e+00,4.561298e+00,4.387016e-01
1.492750e+04,2.000000e+00,4.444809e+00,4.548310e+00,-2.548310e+00
1.493250e+04,4.000000e+00,4.443031e+00,4.536406e+00,-5.364060e-01
1.493750e+04,4.000000e+00,4.441246e+00,4.525569e+00,-5.255694e-01
1.494250e+04,3.000000e+00,4.439457e+00,4.515774e+00,-1.515774e+00
1.494750e+04,3.000000e+00,4.437653e+00,4.506975e+00,-1.506975e+00
1.495250e+04,3.000000e+00,4.435841e+00,4.499145e+00,-1.499145e+00
1.495750e+04,4.000000e+00,4.434021e+00,4.492246e+00,-4.922462e-01
1.496250e+04,3.000000e+00,4.432182e+00,4.486230e+00,-1.486230e+00
1.496750e+04,1.000000e+00,4.430344e+00,4.481079e+00,-3.481079e+00
1.497250e+04,5.000000e+00,4.428486e+00,4.476737e+00,5.232635e-01
1.497750e+04,4.000000e+00,4.426624e+00,4.473184e+00,-4.731841e-01
1.498250e+04,4.000000e+00,4.424751e+00,4.470381e+00,-4.703813e-01
1.498750e+04,3.000000e+00,4.422863e+00,4.468293e+00,-1.468293e+00
1.499250e+04,4.000000e+00,4.420971e+00,4.466901e+00,-4.669013e-01
1.499750e+04,5.000000e+00,4.419064e+00,4.466170e+00,5.338302e-01
1.500250e+04,4.000000e+00,4.417149e+00,4.466082e+00,-4.660816e-01
1.500750e+04,3.000000e+00,4.415222e+00,4.466610e+00,-1.466610e+00
1.501250e+04,5.000000e+00,4.413284e+00,4.467736e+00,5.322642e-01
1.501750e+04,3.000000e+00,4.411339e+00,4.469442e+00,-1.469442e+00
1.502250e+04,4.000000e+00,4.409382e+00,4.471708e+00,-4.717078e-01
1.502750e+04,4.000000e+00,4.407413e+00,4.474515e+00,-4.745150e-01
1.503250e+04,4.000000e+00,4.405437e+00,4.477849e+00,-4.778495e-01
1.503750e+04,2.000000e+00,4.403454e+00,4.481693e+00,-2.481693e+00
1.504250e+04,3.000000e+00,4.401455e+00,4.486018e+00,-1.486018e+00
1.504750e+04,2.000000e+00,4.399448e+00,4.490813e+00,-2.490813e+00
1.505250e+04,5.000000e+00,4.397419e+00,4.496038e+00,5.039620e-01
1.505750e+04,2.000000e+00,4.395393e+00,4.501696e+00,-2.501696e+00
1.506250e+04,4.000000e+00,4.393353e+00,4.507739e+00,-5.077386e-01
1.506750e+04,4.000000e+00,4.391304e+00,4.514143e+00,-5.141430e-01
1.507250e+04,6.000000e+00,4.389248e+00,4.520875e+00,1.479125e+00
1.507750e+04,4.000000e+00,4.387177e+00,4.527886e+00,-5.278864e-01
1.508250e+04,5.000000e+00,4.385098e+00,4.535145e+00,4.648552e-01
1.508750e+04,1.000000e+00,4.383003e+00,4.542596e+00,-3.542596e+00
1.509250e+04,4.000000e+00,4.380905e+00,4.550201e+00,-5.502009e-01
1.509750e+04,1.000000e+00,4.378796e+00,4.557675e+00,-3.557675e+00
1.510250e+04,4.000000e+00,4.376675e+00,4.565459e+00,-5.654588e-01
1.510750e+04,3.000000e+00,4.374542e+00,4.573209e+00,-1.573209e+00
1.511250e+04,3.000000e+00,4.372402e+00,4.580872e+00,-1.580872e+00
1.511750e+04,7.000000e+00,4.370251e+00,4.588378e+00,2.411622e+00
1.512250e+04,8.000000e+00,4.368088e+00,4.595665e+00,3.404335e+00
1.512750e+04,3.000000e+00,4.365913e+00,4.602665e+00,-1.602665e+00
1.513250e+04,5.000000e+00,4.363731e+00,4.609318e+00,3.906817e-01
1.513750e+04,4.000000e+00,4.361538e+00,4.615555e+00,-6.155548e-01
1.514250e+04,5.000000e+00,4.359337e+00,4.621315e+00,3.786855e-01
1.514750e+04,5.000000e+00,4.357121e+00,4.626528e+00,3.734717e-01
1.515250e+04,1.000000e+00,4.354897e+00,4.631145e+00,-3.631145e+00
1.515750e+04,1.000000e+00,4.352661e+00,4.635105e+00,-3.635105e+00
1.516250e+04,5.000000e+00,4.350414e+00,4.638357e+00,3.616428e-01
1.516750e+04,4.000000e+00,4.348160e+00,4.640861e+00,-6.408610e-01
1.517250e+04,5.000000e+00,4.345894e+00,4.642573e+00,3.574271e-01
1.517750e+04,2.000000e+00,4.343620e+00,4.643462e+00,-2.643462e+00
1.518250e+04,7.000000e+00,4.341335e+00,4.643499e+00,2.356501e+00
1.518750e+04,2.000000e+00,4.339039e+00,4.642664e+00,-2.642664e+00
1.519250e+04,3.000000e+00,4.336735e+00,4.640949e+00,-1.640949e+00
1.519750e+04,3.000000e+00,4.334419e+00,4.638346e+00,-1.638346e+00
1.520250e+04,2.000000e+00,4.332092e+00,4.634858e+00,-2.634858e+00
1.520750e+04,2.000000e+00,4.329754e+00,4.630495e+00,-2.630495e+00
1.521250e+04,5.000000e+00,4.327408e+00,4.625280e+00,3.747196e-01
1.521750e+04,4.000000e+00,4.325050e+00,4.619235e+00,-6.192346e-01
1.522250e+04,5.000000e+00,4.322685e+00,4.612393e+00,3.876066e-01
1.522750e+04,6.000000e+00,4.320301e+00,4.604784e+00,1.395216e+00
1.523250e+04,2.000000e+00,4.317917e+00,4.596469e+00,-2.596469e+00
1.523750e+04,6.000000e+00,4.315517e+00,4.587482e+00,1.412518e+00
1.524250e+04,4.000000e+00,4.313110e+00,4.577899e+00,-5.778990e-01
1.524750e+04,2.000000e+00,4.310692e+00,4.567747e+00,-2.567747e+00
1.525250e+04,3.000000e+00,4.308262e+00,4.557099e+00,-1.557099e+00
1.525750e+04,4.000000e+00,4.305824e+00,4.546020e+00,-5.460196e-01
1.526250e+04,6.000000e+00,4.303364e+00,4.534558e+00,1.465442e+00
1.526750e+04,2.000000e+00,4.300911e+00,4.522809e+00,-2.522809e+00
1.527250e+04,2.000000e+00,4.298443e+00,4.510814e+00,-2.510814e+00
1.527750e+04,2.000000e+00,4.295956e+00,4.498632e+00,-2.498632e+00
1.528250e+04,5.000000e+00,4.293465e+00,4.486341e+00,5.136585e-01
1.528750e+04,4.000000e+00,4.290962e+00,4.473994e+00,-4.739943e-01
1.529250e+04,2.000000e+00,4.288452e+00,4.461652e+00,-2.461652e+00
1.529750e+04,6.000000e+00,4.285931e+00,4.449365e+00,1.550635e+00
1.530250e+04,4.000000e+00,4.283398e+00,4.437185e+00,-4.371848e-01
1.530750e+04,2.000000e+00,4.280857e+00,4.425162e+00,-2.425162e+00
1.531250e+04,3.000000e+00,4.278305e+00,4.413337e+00,-1.413337e+00
1.531750e+04,3.000000e+00,4.275742e+00,4.401749e+00,-1.401749e+00
1.532250e+04,6.000000e+00,4.273167e+00,4.390432e+00,1.609568e+00
1.532750e+04,2.000000e+00,4.270584e+00,4.379421e+00,-2.379421e+00
1.533250e+04,2.000000e+00,4.267994e+00,4.368741e+00,-2.368741e+00
1.533750e+04,6.000000e+00,4.265388e+00,4.358407e+00,1.641593e+00
1.534250e+04,3.000000e+00,4.262775e+00,4.348444e+00,-1.348444e+00
1.534750e+04,4.000000e+00,4.260151e+00,4.338863e+00,-3.388629e-01
1.535250e+04,2.000000e+00,4.257515e+00,4.329671e+00,-2.329671e+00
1.535750e+04,1.000000e+00,4.254871e+00,4.320881e+00,-3.320881e+00
1.536250e+04,3.000000e+00,4.252216e+00,4.312490e+00,-1.312490e+00
1.536750e+04,1.000000e+00,4.249550e+00,4.304498e+00,-3.304498e+00
1.537250e+04,5.000000e+00,4.246876e+00,4.296906e+00,7.030940e-01
1.537750e+04,3.000000e+00,4.244190e+00,4.289706e+00,-1.289706e+00
1.538250e+04,4.000000e+00,4.241486e+00,4.282882e+00,-2.828817e-01
1.538750e+04,4.000000e+00,4.238785e+00,4.276447e+00,-2.764468e-01
1.539250e+04,3.000000e+00,4.236061e+00,4.270364e+00,-1.270364e+00
1.539750e+04,3.000000e+00,4.233334e+00,4.264640e+00,-1.264640e+00
1.540250e+04,4.000000e+00,4.230598e+00,4.259258e+00,-2.592583e-01
1.540750e+04,5.000000e+00,4.227852e+00,4.254200e+00,7.458000e-01
1.541250e+04,3.000000e+00,4.225090e+00,4.249446e+00,-1.249446e+00
1.541750e+04,5.000000e+00,4.222324e+00,4.244995e+00,7.550054e-01
1.542250e+04,5.000000e+00,4.219547e+00,4.240821e+00,7.591791e-01
1.542750e+04,4.000000e+00,4.216759e+00,4.236909e+00,-2.369094e-01
1.543250e+04,6.000000e+00,4.213959e+00,4.233292e+00,1.766708e+00
1.543750e+04,3.000000e+00,4.211151e+00,4.229877e+00,-1.229877e+00
1.544250e+04,2.000000e+00,4.208328e+00,4.226677e+00,-2.226677e+00
1.544750e+04,2.000000e+00,4.205498e+00,4.223683e+00,-2.223683e+00
1.545250e+04,3.000000e+00,4.202660e+00,4.220880e+00,-1.220880e+00
1.545750e+04,1.000000e+00,4.199810e+00,4.218251e+00,-3.218251e+00
1.546250e+04,3.000000e+00,4.196949e+00,4.215781e+00,-1.215781e+00
1.546750e+04,6.000000e+00,4.194077e+00,4.213455e+00,1.786545e+00
1.547250e+04,5.000000e+00,4.191196e+00,4.211265e+00,7.887354e-01
1.547750e+04,5.000000e+00,4.188305e+00,4.209191e+00,7.908087e-01
1.548250e+04,3.000000e+00,4.185406e+00,4.207227e+00,-1.207227e+00
1.548750e+04,2.000000e+00,4.182491e+00,4.205350e+00,-2.205350e+00
1.549250e+04,2.000000e+00,4.179569e+00,4.203557e+00,-2.203557e+00
1.549750e+04,5.000000e+00,4.176628e+00,4.201823e+00,7.981768e-01
1.550250e+04,4.000000e+00,4.173687e+00,4.200158e+00,-2.001576e-01
1.550750e+04,3.000000e+00,4.170734e+00,4.198538e+00,-1.198538e+00
1.551250e+04,3.000000e+00,4.167774e+00,4.196957e+00,-1.196957e+00
1.551750e+04,5.000000e+00,4.164799e+00,4.195334e+00,8.046660e-01
1.552250e+04,1.000000e+00,4.161812e+00,4.193809e+00,-3.193809e+00
1.552750e+04,3.000000e+00,4.158821e+00,4.192300e+00,-1.192300e+00
1.553250e+04,6.000000e+00,4.155815e+00,4.190790e+00,1.809210e+00
1.553750e+04,3.000000e+00,4.152802e+00,4.189283e+00,-1.189283e+00
1.554250e+04,7.000000e+00,4.149776e+00,4.187772e+00,2.812228e+00
1.554750e+04,4.000000e+00,4.146744e+00,4.186259e+00,-1.862588e-01
1.555250e+04,2.000000e+00,4.143696e+00,4.184736e+00,-2.184736e+00
1.555750e+04,0.000000e+00,4.140640e+00,4.183214e+00,-4.183214e+00
1.556250e+04,6.000000e+00,4.137577e+00,4.181694e+00,1.818306e+00
1.556750e+04,4.000000e+00,4.134499e+00,4.180174e+00,-1.801739e-01
1.557250e+04,3.000000e+00,4.131413e+00,4.178668e+00,-1.178668e+00
1.557750e+04,8.000000e+00,4.128315e+00,4.177181e+00,3.822819e+00
1.558250e+04,4.000000e+00,4.125210e+00,4.175725e+00,-1.757245e-01
1.558750e+04,4.000000e+00,4.122093e+00,4.174277e+00,-1.742773e-01
1.559250e+04,2.000000e+00,4.118961e+00,4.172912e+00,-2.172912e+00
1.559750e+04,3.000000e+00,4.115822e+00,4.171613e+00,-1.171613e+00
1.560250e+04,4.000000e+00,4.112675e+00,4.170393e+00,-1.703925e-01
1.560750e+04,4.000000e+00,4.109512e+00,4.169257e+00,-1.692572e-01
1.561250e+04,4.000000e+00,4.106350e+00,4.168236e+00,-1.682363e-01
1.561750e+04,6.000000e+00,4.103165e+00,4.167320e+00,1.832680e+00
1.562250e+04,8.000000e+00,4.099976e+00,4.166540e+00,3.833460e+00
1.562750e+04,6.000000e+00,4.096775e+00,4.165900e+00,1.834100e+00
1.563250e+04,7.000000e+00,4.093563e+00,4.165410e+00,2.834590e+00
1.563750e+04,8.000000e+00,4.090347e+00,4.165085e+00,3.834915e+00
1.564250e+04,4.000000e+00,4.087112e+00,4.164915e+00,-1.649151e-01
1.564750e+04,4.000000e+00,4.083874e+00,4.164919e+00,-1.649189e-01
1.565250e+04,1.000000e+01,4.080624e+00,4.165087e+00,5.834913e+00
1.565750e+04,7.000000e+00,4.077362e+00,4.165418e+00,2.834582e+00
1.566250e+04,4.000000e+00,4.074089e+00,4.165902e+00,-1.659017e-01
1.566750e+04,3.000000e+00,4.070812e+00,4.166537e+00,-1.166537e+00
1.567250e+04,3.000000e+00,4.067516e+00,4.167292e+00,-1.167292e+00
1.567750e+04,5.000000e+00,4.064217e+00,4.168165e+00,8.318348e-01
1.568250e+04,1.400000e+01,4.060905e+00,4.169125e+00,9.830875e+00
1.568750e+04,6.000000e+00,4.057579e+00,4.170142e+00,1.829858e+00
1.569250e+04,9.000000e+00,4.054245e+00,4.171195e+00,4.828805e+00
1.569750e+04,6.000000e+00,4.050903e+00,4.172250e+00,1.827750e+00
1.570250e+04,5.000000e+00,4.047550e+00,4.173268e+00,8.267322e-01
1.570750e+04,6.000000e+00,4.044186e+00,4.174212e+00,1.825788e+00
1.571250e+04,7.000000e+00,4.040813e+00,4.175046e+00,2.824954e+00
1.571750e+04,7.000000e+00,4.037430e+00,4.175725e+00,2.824275e+00
1.572250e+04,1.000000e+01,4.034027e+00,4.176201e+00,5.823799e+00
1.572750e+04,8.000000e+00,4.030621e+00,4.176446e+00,3.823554e+00
1.573250e+04,7.000000e+00,4.027206e+00,4.176419e+00,2.823581e+00
1.573750e+04,1.100000e+01,4.023777e+00,4.176070e+00,6.823930e+00
1.574250e+04,5.000000e+00,4.020344e+00,4.175374e+00,8.246260e-01
1.574750e+04,4.000000e+00,4.016899e+00,4.174290e+00,-1.742902e-01
1.575250e+04,9.000000e+00,4.013443e+00,4.172786e+00,4.827214e+00
1.575750e+04,7.000000e+00,4.009972e+00,4.170831e+00,2.829169e+00
1.576250e+04,9.000000e+00,4.006500e+00,4.168417e+00,4.831583e+00
1.576750e+04,1.100000e+01,4.003010e+00,4.165507e+00,6.834493e+00
1.577250e+04,6.000000e+00,3.999516e+00,4.162103e+00,1.837897e+00
1.577750e+04,8.000000e+00,3.996006e+00,4.158185e+00,3.841815e+00
1.578250e+04,3.000000e+00,3.992489e+00,4.153758e+00,-1.153758e+00
1.578750e+04,1.000000e+01,3.988960e+00,4.148821e+00,5.851179e+00
1.579250e+04,6.000000e+00,3.985420e+00,4.143384e+00,1.856616e+00
1.579750e+04,6.000000e+00,3.981873e+00,4.137462e+00,1.862538e+00
1.580250e+04,6.000000e+00,3.978313e+00,4.131071e+00,1.868929e+00
1.580750e+04,8.000000e+00,3.974743e+00,4.124234e+00,3.875766e+00
1.581250e+04,1.000000e+01,3.971165e+00,4.116983e+00,5.883017e+00
1.581750e+04,4.000000e+00,3.967575e+00,4.109345e+00,-1.093450e-01
1.582250e+04,6.000000e+00,3.963974e+00,4.101354e+00,1.898646e+00
1.582750e+04,5.000000e+00,3.960365e+00,4.093052e+00,9.069481e-01
1.583250e+04,6.000000e+00,3.956745e+00,4.084474e+00,1.915526e+00
1.583750e+04,5.000000e+00,3.953114e+00,4.075662e+00,9.243383e-01
1.584250e+04,4.000000e+00,3.949463e+00,4.066648e+00,-6.664848e-02
1.584750e+04,1.400000e+01,3.945812e+00,4.057496e+00,9.942505e+00
1.585250e+04,9.000000e+00,3.942150e+00,4.048234e+00,4.951766e+00
1.585750e+04,4.000000e+00,3.938477e+00,4.038903e+00,-3.890324e-02
1.586250e+04,6.000000e+00,3.934799e+00,4.029552e+00,1.970448e+00
1.586750e+04,9.000000e+00,3.931103e+00,4.020201e+00,4.979799e+00
1.587250e+04,5.000000e+00,3.927399e+00,4.010899e+00,9.891014e-01
1.587750e+04,7.000000e+00,3.923687e+00,4.001676e+00,2.998324e+00
1.588250e+04,4.000000e+00,3.919964e+00,3.992561e+00,7.439137e-03
1.588750e+04,5.000000e+00,3.916233e+00,3.983582e+00,1.016418e+00
1.589250e+04,7.000000e+00,3.912487e+00,3.974757e+00,3.025243e+00
1.589750e+04,1.000000e+01,3.908733e+00,3.966113e+00,6.033887e+00
1.590250e+04,4.000000e+00,3.904968e+00,3.957663e+00,4.233718e-02
1.590750e+04,4.000000e+00,3.901196e+00,3.949424e+00,5.057621e-02
1.591250e+04,7.000000e+00,3.897408e+00,3.941399e+00,3.058601e+00
1.591750e+04,8.000000e+00,3.893612e+00,3.933603e+00,4.066398e+00
1.592250e+04,8.000000e+00,3.889809e+00,3.926026e+00,4.073974e+00
1.592750e+04,3.000000e+00,3.885990e+00,3.918693e+00,-9.186931e-01
1.593250e+04,6.000000e+00,3.882164e+00,3.911593e+00,2.088407e+00
1.593750e+04,1.000000e+00,3.878330e+00,3.904723e+00,-2.904723e+00
1.594250e+04,6.000000e+00,3.874485e+00,3.898075e+00,2.101925e+00
1.594750e+04,1.000000e+00,3.870621e+00,3.891635e+00,-2.891635e+00
1.595250e+04,4.000000e+00,3.866760e+00,3.885416e+00,1.145842e-01
1.595750e+04,3.000000e+00,3.862873e+00,3.879379e+00,-8.793788e-01
1.596250e+04,7.000000e+00,3.858986e+00,3.873540e+00,3.126460e+00
1.596750e+04,5.000000e+00,3.855087e+00,3.867877e+00,1.132123e+00
1.597250e+04,4.000000e+00,3.851177e+00,3.862379e+00,1.376212e-01
1.597750e+04,6.000000e+00,3.847263e+00,3.857041e+00,2.142959e+00
1.598250e+04,2.000000e+00,3.843334e+00,3.851840e+00,-1.851840e+00
1.598750e+04,3.000000e+00,3.839394e+00,3.846769e+00,-8.467691e-01
1.599250e+04,2.000000e+00,3.835445e+00,3.841819e+00,-1.841819e+00
1.599750e+04,2.000000e+00,3.831482e+00,3.836972e+00,-1.836972e+00
1.600250e+04,5.000000e+00,3.827511e+00,3.832225e+00,1.167775e+00
1.600750e+04,1.000000e+00,3.823532e+00,3.827567e+00,-2.827567e+00
1.601250e+04,0.000000e+00,3.819546e+00,3.822989e+00,-3.822989e+00
1.601750e+04,2.000000e+00,3.815540e+00,3.818470e+00,-1.818470e+00
1.602250e+04,6.000000e+00,3.811531e+00,3.814017e+00,2.185983e+00
1.602750e+04,3.000000e+00,3.807510e+00,3.809614e+00,-8.096144e-01
1.603250e+04,3.000000e+00,3.803478e+00,3.805256e+00,-8.052559e-01
1.603750e+04,4.000000e+00,3.799438e+00,3.800938e+00,1.990619e-01
1.604250e+04,4.000000e+00,3.795387e+00,3.796652e+00,2.033484e-01
1.604750e+04,2.000000e+00,3.791325e+00,3.792391e+00,-1.792391e+00
1.605250e+04,2.000000e+00,3.787243e+00,3.788144e+00,-1.788144e+00
1.605750e+04,0.000000e+00,3.783165e+00,3.783930e+00,-3.783930e+00
1.606250e+04,5.000000e+00,3.779064e+00,3.779717e+00,1.220283e+00
1.606750e+04,3.000000e+00,3.774963e+00,3.775526e+00,-7.755258e-01
1.607250e+04,3.000000e+00,3.770851e+00,3.771342e+00,-7.713423e-01
1.607750e+04,4.000000e+00,3.766727e+00,3.767164e+00,2.328365e-01
1.608250e+04,3.000000e+00,3.762592e+00,3.762988e+00,-7.629879e-01
1.608750e+04,3.000000e+00,3.758446e+00,3.758813e+00,-7.588134e-01
1.609250e+04,7.000000e+00,3.754292e+00,3.754642e+00,3.245358e+00
1.609750e+04,3.000000e+00,3.750126e+00,3.750470e+00,-7.504697e-01
1.610250e+04,2.000000e+00,3.745953e+00,3.746299e+00,-1.746299e+00
1.610750e+04,1.000000e+00,3.741764e+00,3.742120e+00,-2.742120e+00
1.611250e+04,4.000000e+00,3.737572e+00,3.737945e+00,2.620549e-01
1.611750e+04,5.000000e+00,3.733364e+00,3.733707e+00,1.266293e+00
1.612250e+04,2.000000e+00,3.729149e+00,3.729534e+00,-1.729534e+00
1.612750e+04,0.000000e+00,3.724918e+00,3.725349e+00,-3.725349e+00
1.613250e+04,4.000000e+00,3.720684e+00,3.721164e+00,2.788358e-01
1.613750e+04,2.000000e+00,3.716434e+00,3.716968e+00,-1.716968e+00
1.614250e+04,1.000000e+00,3.712177e+00,3.712768e+00,-2.712768e+00
1.614750e+04,3.000000e+00,3.707912e+00,3.708565e+00,-7.085648e-01
1.615250e+04,4.000000e+00,3.703632e+00,3.704350e+00,2.956500e-01
1.615750e+04,0.000000e+00,3.699341e+00,3.700128e+00,-3.700128e+00
1.616250e+04,4.000000e+00,3.695045e+00,3.695906e+00,3.040943e-01
1.616750e+04,7.000000e+00,3.690735e+00,3.691672e+00,3.308328e+00
1.617250e+04,3.000000e+00,3.686409e+00,3.687426e+00,-6.874263e-01
1.617750e+04,2.000000e+00,3.682087e+00,3.683188e+00,-1.683188e+00
1.618250e+04,2.000000e+00,3.677738e+00,3.678926e+00,-1.678926e+00
1.618750e+04,4.000000e+00,3.673389e+00,3.674666e+00,3.253336e-01
1.619250e+04,6.000000e+00,3.669029e+00,3.670398e+00,2.329602e+00
1.619750e+04,5.000000e+00,3.664661e+00,3.666123e+00,1.333877e+00
1.620250e+04,5.000000e+00,3.660278e+00,3.661834e+00,1.338166e+00
1.620750e+04,2.000000e+00,3.655888e+00,3.657538e+00,-1.657538e+00
1.621250e+04,6.000000e+00,3.651485e+00,3.653231e+00,2.346769e+00
1.621750e+04,4.000000e+00,3.647076e+00,3.648915e+00,3.510847e-01
1.622250e+04,2.000000e+00,3.642654e+00,3.644587e+00,-1.644587e+00
1.622750e+04,1.000000e+00,3.638218e+00,3.640242e+00,-2.640242e+00
1.623250e+04,2.000000e+00,3.633778e+00,3.635890e+00,-1.635890e+00
1.623750e+04,6.000000e+00,3.629326e+00,3.631523e+00,2.368477e+00
1.624250e+04,5.000000e+00,3.624863e+00,3.627141e+00,1.372859e+00
1.624750e+04,5.000000e+00,3.620388e+00,3.622742e+00,1.377258e+00
1.625250e+04,5.000000e+00,3.615906e+00,3.618330e+00,1.381670e+00
1.625750e+04,4.000000e+00,3.611412e+00,3.613901e+00,3.860993e-01
1.626250e+04,3.000000e+00,3.606907e+00,3.609453e+00,-6.094532e-01
1.626750e+04,2.000000e+00,3.602394e+00,3.604991e+00,-1.604991e+00
1.627250e+04,2.000000e+00,3.597870e+00,3.600509e+00,-1.600509e+00
1.627750e+04,5.000000e+00,3.593334e+00,3.596008e+00,1.403992e+00
1.628250e+04,7.000000e+00,3.588791e+00,3.591491e+00,3.408509e+00
1.628750e+04,1.000000e+00,3.584229e+00,3.586946e+00,-2.586946e+00
1.629250e+04,3.000000e+00,3.579662e+00,3.582388e+00,-5.823882e-01
1.629750e+04,4.000000e+00,3.575085e+00,3.577810e+00,4.221902e-01
1.630250e+04,2.000000e+00,3.570499e+00,3.573215e+00,-1.573215e+00
1.630750e+04,5.000000e+00,3.565903e+00,3.568600e+00,1.431400e+00
1.631250e+04,1.000000e+00,3.561295e+00,3.563965e+00,-2.563965e+00
1.631750e+04,3.000000e+00,3.556679e+00,3.559314e+00,-5.593135e-01
1.632250e+04,1.000000e+00,3.552048e+00,3.554639e+00,-2.554639e+00
1.632750e+04,4.000000e+00,3.547413e+00,3.549953e+00,4.500475e-01
1.633250e+04,3.000000e+00,3.542767e+00,3.545248e+00,-5.452478e-01
1.633750e+04,3.000000e+00,3.538105e+00,3.540521e+00,-5.405211e-01
1.634250e+04,2.000000e+00,3.533440e+00,3.535784e+00,-1.535784e+00
1.634750e+04,3.000000e+00,3.528759e+00,3.531027e+00,-5.310273e-01
1.635250e+04,1.000000e+00,3.524071e+00,3.526258e+00,-2.526258e+00
1.635750e+04,4.000000e+00,3.519371e+00,3.521473e+00,4.785273e-01
1.636250e+04,1.000000e+00,3.514664e+00,3.516677e+00,-2.516677e+00
1.636750e+04,3.000000e+00,3.509945e+00,3.511867e+00,-5.118666e-01
1.637250e+04,5.000000e+00,3.505211e+00,3.507039e+00,1.492961e+00
1.637750e+04,2.000000e+00,3.500473e+00,3.502207e+00,-1.502207e+00
1.638250e+04,5.000000e+00,3.495724e+00,3.497363e+00,1.502637e+00
1.638750e+04,1.000000e+00,3.490959e+00,3.492503e+00,-2.492503e+00
1.639250e+04,1.000000e+00,3.486187e+00,3.487637e+00,-2.487637e+00
1.639750e+04,3.000000e+00,3.481400e+00,3.482757e+00,-4.827569e-01
1.640250e+04,4.000000e+00,3.476616e+00,3.477882e+00,5.221181e-01
1.640750e+04,8.000000e+00,3.471806e+00,3.472983e+00,4.527018e+00
1.641250e+04,4.000000e+00,3.466995e+00,3.468086e+00,5.319138e-01
1.641750e+04,2.000000e+00,3.462173e+00,3.463181e+00,-1.463181e+00
1.642250e+04,3.000000e+00,3.457336e+00,3.458264e+00,-4.582641e-01
1.642750e+04,2.000000e+00,3.452496e+00,3.453347e+00,-1.453347e+00
1.643250e+04,1.000000e+00,3.447643e+00,3.448422e+00,-2.448422e+00
1.643750e+04,0.000000e+00,3.442780e+00,3.443489e+00,-3.443489e+00
1.644250e+04,4.000000e+00,3.437904e+00,3.438549e+00,5.614510e-01
1.644750e+04,1.000000e+00,3.433022e+00,3.433605e+00,-2.433605e+00
1.645250e+04,4.000000e+00,3.428127e+00,3.428654e+00,5.713458e-01
1.645750e+04,2.000000e+00,3.423222e+00,3.423696e+00,-1.423696e+00
1.646250e+04,3.000000e+00,3.418308e+00,3.418733e+00,-4.187334e-01
1.646750e+04,3.000000e+00,3.413383e+00,3.413763e+00,-4.137633e-01
1.647250e+04,3.000000e+00,3.408447e+00,3.408786e+00,-4.087856e-01
1.647750e+04,2.000000e+00,3.403500e+00,3.403800e+00,-1.403800e+00
1.648250e+04,3.000000e+00,3.398544e+00,3.398810e+00,-3.988101e-01
1.648750e+04,4.000000e+00,3.393581e+00,3.393816e+00,6.061842e-01
1.649250e+04,4.000000e+00,3.388599e+00,3.388805e+00,6.111946e-01
1.649750e+04,2.000000e+00,3.383614e+00,3.383794e+00,-1.383794e+00
1.650250e+04,5.000000e+00,3.378620e+00,3.378778e+00,1.621222e+00
1.650750e+04,0.000000e+00,3.373611e+00,3.373749e+00,-3.373749e+00
1.651250e+04,1.000000e+00,3.368587e+00,3.368706e+00,-2.368706e+00
1.651750e+04,2.000000e+00,3.363556e+00,3.363659e+00,-1.363659e+00
1.652250e+04,3.000000e+00,3.358517e+00,3.358605e+00,-3.586054e-01
1.652750e+04,1.000000e+00,3.353470e+00,3.353546e+00,-2.353546e+00
1.653250e+04,5.000000e+00,3.348412e+00,3.348477e+00,1.651523e+00
1.653750e+04,2.000000e+00,3.343346e+00,3.343401e+00,-1.343401e+00
1.654250e+04,1.000000e+00,3.338264e+00,3.338312e+00,-2.338312e+00
1.654750e+04,4.000000e+00,3.333176e+00,3.333216e+00,6.667843e-01
1.655250e+04,1.000000e+00,3.328075e+00,3.328109e+00,-2.328109e+00
1.655750e+04,0.000000e+00,3.322964e+00,3.322992e+00,-3.322992e+00
1.656250e+04,1.000000e+00,3.317844e+00,3.317868e+00,-2.317868e+00
1.656750e+04,5.000000e+00,3.312714e+00,3.312734e+00,1.687266e+00
1.657250e+04,3.000000e+00,3.307571e+00,3.307588e+00,-3.075881e-01
1.657750e+04,4.000000e+00,3.302422e+00,3.302435e+00,6.975646e-01
1.658250e+04,2.000000e+00,3.297256e+00,3.297268e+00,-1.297268e+00
1.658750e+04,1.000000e+00,3.292088e+00,3.292097e+00,-2.292097e+00
1.659250e+04,6.000000e+00,3.286903e+00,3.286911e+00,2.713089e+00
1.659750e+04,2.000000e+00,3.281712e+00,3.281718e+00,-1.281718e+00
1.660250e+04,0.000000e+00,3.276512e+00,3.276517e+00,-3.276517e+00
1.660750e+04,4.000000e+00,3.271297e+00,3.271302e+00,7.286983e-01
1.661250e+04,3.000000e+00,3.266075e+00,3.266079e+00,-2.660787e-01
1.661750e+04,5.000000e+00,3.260834e+00,3.260837e+00,1.739163e+00
1.662250e+04,1.000000e+00,3.255600e+00,3.255602e+00,-2.255602e+00
1.662750e+04,4.000000e+00,3.250343e+00,3.250345e+00,7.496548e-01
1.663250e+04,0.000000e+00,3.245075e+00,3.245077e+00,-3.245077e+00
1.663750e+04,2.000000e+00,3.239799e+00,3.239801e+00,-1.239801e+00
1.664250e+04,3.000000e+00,3.234516e+00,3.234516e+00,-2.345161e-01
1.664750e+04,3.000000e+00,3.229218e+00,3.229218e+00,-2.292175e-01
1.665250e+04,5.000000e+00,3.223915e+00,3.223915e+00,1.776085e+00
1.665750e+04,1.000000e+00,3.218597e+00,3.218597e+00,-2.218597e+00
1.666250e+04,0.000000e+00,3.213272e+00,3.213272e+00,-3.213272e+00
1.666750e+04,2.000000e+00,3.207935e+00,3.207935e+00,-1.207935e+00
1.667250e+04,2.000000e+00,3.202587e+00,3.202587e+00,-1.202587e+00
1.667750e+04,1.000000e+00,3.197231e+00,3.197231e+00,-2.197231e+00
1.668250e+04,3.000000e+00,3.191864e+00,3.191864e+00,-1.918640e-01
1.668750e+04,4.000000e+00,3.186489e+00,3.186489e+00,8.135109e-01
1.669250e+04,3.000000e+00,3.181099e+00,3.181099e+00,-1.810989e-01
1.669750e+04,5.000000e+00,3.175701e+00,3.175701e+00,1.824299e+00
1.670250e+04,4.000000e+00,3.170296e+00,3.170296e+00,8.297043e-01
1.670750e+04,1.000000e+00,3.164879e+00,3.164879e+00,-2.164879e+00
1.671250e+04,7.000000e+00,3.159447e+00,3.159447e+00,3.840553e+00
1.671750e+04,5.000000e+00,3.154011e+00,3.154011e+00,1.845989e+00
1.672250e+04,4.000000e+00,3.148560e+00,3.148560e+00,8.514404e-01
1.672750e+04,4.000000e+00,3.143101e+00,3.143101e+00,8.568993e-01
1.673250e+04,3.000000e+00,3.137630e+00,3.137630e+00,-1.376305e-01
1.673750e+04,2.000000e+00,3.132145e+00,3.132145e+00,-1.132145e+00
1.674250e+04,1.000000e+00,3.126663e+00,3.126663e+00,-2.126663e+00
1.674750e+04,3.000000e+00,3.121155e+00,3.121155e+00,-1.211548e-01
1.675250e+04,1.000000e+00,3.115643e+00,3.115643e+00,-2.115643e+00
1.675750e+04,1.000000e+00,3.110123e+00,3.110123e+00,-2.110123e+00
1.676250e+04,4.000000e+00,3.104591e+00,3.104591e+00,8.954086e-01
1.676750e+04,3.000000e+00,3.099049e+00,3.099049e+00,-9.904861e-02
1.677250e+04,2.000000e+00,3.093498e+00,3.093498e+00,-1.093498e+00
1.677750e+04,2.000000e+00,3.087933e+00,3.087933e+00,-1.087933e+00
1.678250e+04,1.000000e+00,3.082359e+00,3.082359e+00,-2.082359e+00
1.678750e+04,3.000000e+00,3.076778e+00,3.076778e+00,-7.677841e-02
1.679250e+04,1.000000e+00,3.071186e+00,3.071186e+00,-2.071186e+00
1.679750e+04,4.000000e+00,3.065582e+00,3.065582e+00,9.344177e-01
1.680250e+04,3.000000e+00,3.059967e+00,3.059967e+00,-5.996704e-02
1.680750e+04,4.000000e+00,3.054348e+00,3.054348e+00,9.456520e-01
1.681250e+04,7.000000e+00,3.048710e+00,3.048710e+00,3.951290e+00
1.681750e+04,2.000000e+00,3.043068e+00,3.043068e+00,-1.043068e+00
1.682250e+04,3.000000e+00,3.037411e+00,3.037411e+00,-3.741074e-02
1.682750e+04,1.000000e+00,3.031750e+00,3.031750e+00,-2.031750e+00
1.683250e+04,0.000000e+00,3.026073e+00,3.026073e+00,-3.026073e+00
1.683750e+04,1.000000e+00,3.020386e+00,3.020386e+00,-2.020386e+00
1.684250e+04,5.000000e+00,3.014683e+00,3.014683e+00,1.985317e+00
1.684750e+04,1.000000e+00,3.008987e+00,3.008987e+00,-2.008987e+00
1.685250e+04,4.000000e+00,3.003265e+00,3.003265e+00,9.967346e-01
1.685750e+04,1.000000e+00,2.997540e+00,2.997540e+00,-1.997540e+00
1.686250e+04,4.000000e+00,2.991802e+00,2.991802e+00,1.008198e+00
1.686750e+04,5.000000e+00,2.986050e+00,2.986050e+00,2.013950e+00
1.687250e+04,1.000000e+00,2.980293e+00,2.980293e+00,-1.980293e+00
1.687750e+04,2.000000e+00,2.974525e+00,2.974525e+00,-9.745255e-01
1.688250e+04,3.000000e+00,2.968750e+00,2.968750e+00,3.125000e-02
1.688750e+04,2.000000e+00,2.962963e+00,2.962963e+00,-9.629631e-01
1.689250e+04,5.000000e+00,2.957165e+00,2.957165e+00,2.042835e+00
1.689750e+04,3.000000e+00,2.951355e+00,2.951355e+00,4.864502e-02
1.690250e+04,2.000000e+00,2.945534e+00,2.945534e+00,-9.455338e-01
1.690750e+04,5.000000e+00,2.939709e+00,2.939709e+00,2.060291e+00
1.691250e+04,1.000000e+00,2.933868e+00,2.933868e+00,-1.933868e+00
1.691750e+04,3.000000e+00,2.928017e+00,2.928017e+00,7.198334e-02
1.692250e+04,3.000000e+00,2.922157e+00,2.922157e+00,7.784271e-02
1.692750e+04,5.000000e+00,2.916286e+00,2.916286e+00,2.083714e+00
1.693250e+04,3.000000e+00,2.910408e+00,2.910408e+00,8.959198e-02
1.693750e+04,4.000000e+00,2.904514e+00,2.904514e+00,1.095486e+00
1.694250e+04,0.000000e+00,2.898617e+00,2.898617e+00,-2.898617e+00
1.694750e+04,2.000000e+00,2.892704e+00,2.892704e+00,-8.927040e-01
1.695250e+04,1.000000e+00,2.886780e+00,2.886780e+00,-1.886780e+00
1.695750e+04,0.000000e+00,2.880852e+00,2.880852e+00,-2.880852e+00
1.696250e+04,4.000000e+00,2.874901e+00,2.874901e+00,1.125099e+00
1.696750e+04,4.000000e+00,2.868958e+00,2.868958e+00,1.131042e+00
1.697250e+04,5.000000e+00,2.862984e+00,2.862984e+00,2.137016e+00
1.697750e+04,3.000000e+00,2.857010e+00,2.857010e+00,1.429901e-01
1.698250e+04,1.000000e+00,2.851028e+00,2.851028e+00,-1.851028e+00
1.698750e+04,2.000000e+00,2.845036e+00,2.845036e+00,-8.450356e-01
1.699250e+04,1.000000e+00,2.839031e+00,2.839031e+00,-1.839031e+00
1.699750e+04,4.000000e+00,2.833015e+00,2.833015e+00,1.166985e+00
1.700250e+04,0.000000e+00,2.826992e+00,2.826992e+00,-2.826992e+00
1.700750e+04,1.000000e+00,2.820961e+00,2.820961e+00,-1.820961e+00
1.701250e+04,4.000000e+00,2.814915e+00,2.814915e+00,1.185085e+00
1.701750e+04,2.000000e+00,2.808857e+00,2.808857e+00,-8.088570e-01
1.702250e+04,6.000000e+00,2.802792e+00,2.802792e+00,3.197208e+00
1.702750e+04,1.000000e+00,2.796719e+00,2.796719e+00,-1.796719e+00
1.703250e+04,3.000000e+00,2.790630e+00,2.790630e+00,2.093697e-01
1.703750e+04,0.000000e+00,2.784534e+00,2.784534e+00,-2.784534e+00
1.704250e+04,9.000000e+00,2.778431e+00,2.778431e+00,6.221569e+00
1.704750e+04,0.000000e+00,2.772312e+00,2.772312e+00,-2.772312e+00
1.705250e+04,4.000000e+00,2.766186e+00,2.766186e+00,1.233814e+00
1.705750e+04,1.000000e+00,2.760048e+00,2.760048e+00,-1.760048e+00
1.706250e+04,2.000000e+00,2.753899e+00,2.753899e+00,-7.538986e-01
1.706750e+04,0.000000e+00,2.747742e+00,2.747742e+00,-2.747742e+00
1.707250e+04,4.000000e+00,2.741577e+00,2.741577e+00,1.258423e+00
1.707750e+04,2.000000e+00,2.735386e+00,2.735386e+00,-7.353859e-01
1.708250e+04,2.000000e+00,2.729198e+00,2.729198e+00,-7.291985e-01
1.708750e+04,1.000000e+00,2.723000e+00,2.723000e+00,-1.723000e+00
1.709250e+04,3.000000e+00,2.716793e+00,2.716793e+00,2.832069e-01
1.709750e+04,4.000000e+00,2.710571e+00,2.710571e+00,1.289429e+00
1.710250e+04,7.000000e+00,2.704342e+00,2.704342e+00,4.295658e+00
1.710750e+04,1.000000e+00,2.698101e+00,2.698101e+00,-1.698101e+00
1.711250e+04,1.000000e+00,2.691853e+00,2.691853e+00,-1.691853e+00
1.711750e+04,2.000000e+00,2.685593e+00,2.685593e+00,-6.855927e-01
1.712250e+04,2.000000e+00,2.679321e+00,2.679321e+00,-6.793213e-01
1.712750e+04,3.000000e+00,2.673038e+00,2.673038e+00,3.269615e-01
1.713250e+04,5.000000e+00,2.666748e+00,2.666748e+00,2.333252e+00
1.713750e+04,5.000000e+00,2.660446e+00,2.660446e+00,2.339554e+00
1.714250e+04,2.000000e+00,2.654133e+00,2.654133e+00,-6.541328e-01
1.714750e+04,4.000000e+00,2.647812e+00,2.647812e+00,1.352188e+00
1.715250e+04,7.000000e+00,2.641479e+00,2.641479e+00,4.358521e+00
1.715750e+04,3.000000e+00,2.635136e+00,2.635136e+00,3.648643e-01
1.716250e+04,3.000000e+00,2.628784e+00,2.628784e+00,3.712158e-01
1.716750e+04,3.000000e+00,2.622417e+00,2.622417e+00,3.775826e-01
1.717250e+04,6.000000e+00,2.616047e+00,2.616047e+00,3.383953e+00
1.717750e+04,3.000000e+00,2.609665e+00,2.609665e+00,3.903351e-01
1.718250e+04,4.000000e+00,2.603268e+00,2.603268e+00,1.396732e+00
1.718750e+04,5.000000e+00,2.596863e+00,2.596863e+00,2.403137e+00
1.719250e+04,3.000000e+00,2.590450e+00,2.590450e+00,4.095497e-01
1.719750e+04,5.000000e+00,2.584019e+00,2.584019e+00,2.415981e+00
1.720250e+04,3.000000e+00,2.577583e+00,2.577583e+00,4.224167e-01
1.720750e+04,1.000000e+00,2.571133e+00,2.571133e+00,-1.571133e+00
1.721250e+04,3.000000e+00,2.564678e+00,2.564678e+00,4.353218e-01
1.721750e+04,4.000000e+00,2.558212e+00,2.558212e+00,1.441788e+00
1.722250e+04,2.000000e+00,2.551735e+00,2.551735e+00,-5.517349e-01
1.722750e+04,1.000000e+00,2.545250e+00,2.545250e+00,-1.545250e+00
1.723250e+04,1.000000e+00,2.538754e+00,2.538754e+00,-1.538754e+00
1.723750e+04,7.000000e+00,2.532249e+00,2.532249e+00,4.467751e+00
1.724250e+04,4.000000e+00,2.525730e+00,2.525730e+00,1.474270e+00
1.724750e+04,3.000000e+00,2.519203e+00,2.519203e+00,4.807968e-01
1.725250e+04,1.000000e+00,2.512665e+00,2.512665e+00,-1.512665e+00
1.725750e+04,4.000000e+00,2.506119e+00,2.506119e+00,1.493881e+00
1.726250e+04,7.000000e+00,2.499561e+00,2.499561e+00,4.500439e+00
1.726750e+04,4.000000e+00,2.496064e+00,2.496064e+00,1.503936e+00
1.727250e+04,2.000000e+00,2.492567e+00,2.492567e+00,-4.925671e-01
1.727750e+04,3.000000e+00,2.489070e+00,2.489070e+00,5.109301e-01
1.728250e+04,7.000000e+00,2.485573e+00,2.485573e+00,4.514427e+00
1.728750e+04,1.000000e+00,2.482076e+00,2.482076e+00,-1.482076e+00
1.729250e+04,5.000000e+00,2.478579e+00,2.478579e+00,2.521421e+00
1.729750e+04,5.000000e+00,2.475081e+00,2.475081e+00,2.524919e+00
1.730250e+04,3.000000e+00,2.471584e+00,2.471584e+00,5.284157e-01
1.730750e+04,3.000000e+00,2.468087e+00,2.468087e+00,5.319128e-01
1.731250e+04,5.000000e+00,2.464590e+00,2.464590e+00,2.535410e+00
1.731750e+04,1.000000e+01,2.461093e+00,2.461093e+00,7.538907e+00
1.732250e+04,5.000000e+00,2.457596e+00,2.457596e+00,2.542404e+00
1.732750e+04,7.000000e+00,2.454099e+00,2.454099e+00,4.545901e+00
1.733250e+04,8.000000e+00,2.450602e+00,2.450602e+00,5.549398e+00
1.733750e+04,1.000000e+01,2.447104e+00,2.447104e+00,7.552896e+00
1.734250e+04,8.000000e+00,2.443607e+00,2.443607e+00,5.556393e+00
1.734750e+04,7.000000e+00,2.440110e+00,2.440110e+00,4.559890e+00
1.735250e+04,1.100000e+01,2.436613e+00,2.436613e+00,8.563387e+00
1.735750e+04,6.000000e+00,2.433116e+00,2.433116e+00,3.566884e+00
1.736250e+04,6.000000e+00,2.429619e+00,2.429619e+00,3.570381e+00
1.736750e+04,1.000000e+01,2.426122e+00,2.426122e+00,7.573878e+00
1.737250e+04,8.000000e+00,2.422625e+00,2.422625e+00,5.577375e+00
1.737750e+04,9.000000e+00,2.419127e+00,2.419127e+00,6.580873e+00
1.738250e+04,4.000000e+00,2.415630e+00,2.415630e+00,1.584370e+00
1.738750e+04,1.300000e+01,2.412133e+00,2.412133e+00,1.058787e+01
1.739250e+04,8.000000e+00,2.408636e+00,2.408636e+00,5.591364e+00
1.739750e+04,1.200000e+01,2.405139e+00,2.405139e+00,9.594861e+00
1.740250e+04,1.400000e+01,2.401642e+00,2.401642e+00,1.159836e+01
1.740750e+04,1.300000e+01,2.398145e+00,2.398145e+00,1.060186e+01
1.741250e+04,9.000000e+00,2.394648e+00,2.394648e+00,6.605352e+00
1.741750e+04,9.000000e+00,2.391150e+00,2.391150e+00,6.608850e+00
1.742250e+04,1.200000e+01,2.387653e+00,2.387653e+00,9.612347e+00
1.742750e+04,9.000000e+00,2.384156e+00,2.384156e+00,6.615844e+00
1.743250e+04,9.000000e+00,2.380659e+00,2.380659e+00,6.619341e+00
1.743750e+04,1.300000e+01,2.377162e+00,2.377162e+00,1.062284e+01
1.744250e+04,8.000000e+00,2.373665e+00,2.373665e+00,5.626335e+00
1.744750e+04,1.100000e+01,2.370168e+00,2.370168e+00,8.629832e+00
1.745250e+04,1.300000e+01,2.366671e+00,2.366671e+00,1.063333e+01
1.745750e+04,7.000000e+00,2.363173e+00,2.363173e+00,4.636827e+00
1.746250e+04,9.000000e+00,2.359676e+00,2.359676e+00,6.640324e+00
1.746750e+04,1.700000e+01,2.356179e+00,2.356179e+00,1.464382e+01
1.747250e+04,1.400000e+01,2.352682e+00,2.352682e+00,1.164732e+01
1.747750e+04,1.700000e+01,2.349185e+00,2.349185e+00,1.465082e+01
1.748250e+04,1.300000e+01,2.345688e+00,2.345688e+00,1.065431e+01
1.748750e+04,7.000000e+00,2.342191e+00,2.342191e+00,4.657809e+00
1.749250e+04,1.600000e+01,2.338694e+00,2.338694e+00,1.366131e+01
1.749750e+04,1.700000e+01,2.335196e+00,2.335196e+00,1.466480e+01
1.750250e+04,1.500000e+01,2.331699e+00,2.331699e+00,1.266830e+01
1.750750e+04,1.400000e+01,2.328202e+00,2.328202e+00,1.167180e+01
1.751250e+04,1.600000e+01,2.324705e+00,2.324705e+00,1.367529e+01
1.751750e+04,1.300000e+01,2.321208e+00,2.321208e+00,1.067879e+01
1.752250e+04,1.500000e+01,2.317711e+00,2.317711e+00,1.268229e+01
1.752750e+04,1.600000e+01,2.314214e+00,2.314214e+00,1.368579e+01
1.753250e+04,2.000000e+01,2.310717e+00,2.310717e+00,1.768928e+01
1.753750e+04,1.300000e+01,2.307220e+00,2.307220e+00,1.069278e+01
1.754250e+04,1.900000e+01,2.303722e+00,2.303722e+00,1.669628e+01
1.754750e+04,1.200000e+01,2.300225e+00,2.300225e+00,9.699775e+00
1.755250e+04,6.000000e+00,2.296728e+00,2.296728e+00,3.703272e+00
1.755750e+04,1.100000e+01,2.293231e+00,2.293231e+00,8.706769e+00
1.756250e+04,1.100000e+01,2.289734e+00,2.289734e+00,8.710266e+00
1.756750e+04,1.100000e+01,2.286237e+00,2.286237e+00,8.713763e+00
1.757250e+04,5.000000e+00,2.282740e+00,2.282740e+00,2.717260e+00
1.757750e+04,6.000000e+00,2.279243e+00,2.279243e+00,3.720757e+00
1.758250e+04,1.000000e+01,2.275745e+00,2.275745e+00,7.724255e+00
1.758750e+04,9.000000e+00,2.272248e+00,2.272248e+00,6.727752e+00
1.759250e+04,1.100000e+01,2.268751e+00,2.268751e+00,8.731249e+00
1.759750e+04,1.000000e+01,2.265254e+00,2.265254e+00,7.734746e+00
1.760250e+04,8.000000e+00,2.261757e+00,2.261757e+00,5.738243e+00
1.760750e+04,5.000000e+00,2.258260e+00,2.258260e+00,2.741740e+00
1.761250e+04,1.100000e+01,2.254763e+00,2.254763e+00,8.745237e+00
1.761750e+04,7.000000e+00,2.251266e+00,2.251266e+00,4.748734e+00
1.762250e+04,7.000000e+00,2.247768e+00,2.247768e+00,4.752232e+00
1.762750e+04,8.000000e+00,2.244271e+00,2.244271e+00,5.755729e+00
1.763250e+04,5.000000e+00,2.240774e+00,2.240774e+00,2.759226e+00
1.763750e+04,3.000000e+00,2.237277e+00,2.237277e+00,7.627230e-01
1.764250e+04,5.000000e+00,2.233780e+00,2.233780e+00,2.766220e+00
1.764750e+04,7.000000e+00,2.230283e+00,2.230283e+00,4.769717e+00
1.765250e+04,4.000000e+00,2.226786e+00,2.226786e+00,1.773214e+00
1.765750e+04,4.000000e+00,2.223289e+00,2.223289e+00,1.776711e+00
1.766250e+04,9.000000e+00,2.219791e+00,2.219791e+00,6.780209e+00
1.766750e+04,2.000000e+00,2.216294e+00,2.216294e+00,-2.162943e-01
1.767250e+04,6.000000e+00,2.212797e+00,2.212797e+00,3.787203e+00
1.767750e+04,1.400000e+01,2.209300e+00,2.209300e+00,1.179070e+01
1.768250e+04,5.000000e+00,2.205803e+00,2.205803e+00,2.794197e+00
1.768750e+04,5.000000e+00,2.202306e+00,2.202306e+00,2.797694e+00
1.769250e+04,4.000000e+00,2.198809e+00,2.198809e+00,1.801191e+00
1.769750e+04,3.000000e+00,2.195312e+00,2.195312e+00,8.046885e-01
1.770250e+04,3.000000e+00,2.191814e+00,2.191814e+00,8.081856e-01
1.770750e+04,6.000000e+00,2.188317e+00,2.188317e+00,3.811683e+00
1.771250e+04,1.000000e+00,2.184820e+00,2.184820e+00,-1.184820e+00
1.771750e+04,7.000000e+00,2.181323e+00,2.181323e+00,4.818677e+00
1.772250e+04,5.000000e+00,2.177826e+00,2.177826e+00,2.822174e+00
1.772750e+04,6.000000e+00,2.174329e+00,2.174329e+00,3.825671e+00
1.773250e+04,3.000000e+00,2.170832e+00,2.170832e+00,8.291683e-01
1.773750e+04,3.000000e+00,2.167335e+00,2.167335e+00,8.326654e-01
1.774250e+04,1.000000e+00,2.163837e+00,2.163837e+00,-1.163837e+00
1.774750e+04,4.000000e+00,2.160340e+00,2.160340e+00,1.839660e+00
1.775250e+04,6.000000e+00,2.156843e+00,2.156843e+00,3.843157e+00
1.775750e+04,3.000000e+00,2.153346e+00,2.153346e+00,8.466539e-01
1.776250e+04,3.000000e+00,2.149849e+00,2.149849e+00,8.501511e-01
1.776750e+04,3.000000e+00,2.146352e+00,2.146352e+00,8.536482e-01
1.777250e+04,3.000000e+00,2.142855e+00,2.142855e+00,8.571453e-01
1.777750e+04,4.000000e+00,2.139358e+00,2.139358e+00,1.860642e+00
1.778250e+04,5.000000e+00,2.135860e+00,2.135860e+00,2.864140e+00
1.778750e+04,6.000000e+00,2.132363e+00,2.132363e+00,3.867637e+00
1.779250e+04,2.000000e+00,2.128866e+00,2.128866e+00,-1.288662e-01
1.779750e+04,4.000000e+00,2.125369e+00,2.125369e+00,1.874631e+00
1.780250e+04,6.000000e+00,2.121872e+00,2.121872e+00,3.878128e+00
1.780750e+04,4.000000e+00,2.118375e+00,2.118375e+00,1.881625e+00
1.781250e+04,3.000000e+00,2.114878e+00,2.114878e+00,8.851223e-01
1.781750e+04,3.000000e+00,2.111381e+00,2.111381e+00,8.886194e-01
1.782250e+04,2.000000e+00,2.107883e+00,2.107883e+00,-1.078835e-01
1.782750e+04,1.000000e+00,2.104386e+00,2.104386e+00,-1.104386e+00
1.783250e+04,4.000000e+00,2.100889e+00,2.100889e+00,1.899111e+00
1.783750e+04,1.000000e+00,2.097392e+00,2.097392e+00,-1.097392e+00
1.784250e+04,4.000000e+00,2.093895e+00,2.093895e+00,1.906105e+00
1.784750e+04,4.000000e+00,2.090398e+00,2.090398e+00,1.909602e+00
1.785250e+04,4.000000e+00,2.086901e+00,2.086901e+00,1.913099e+00
1.785750e+04,2.000000e+00,2.083404e+00,2.083404e+00,-8.340359e-02
1.786250e+04,3.000000e+00,2.079906e+00,2.079906e+00,9.200935e-01
1.786750e+04,2.000000e+00,2.076409e+00,2.076409e+00,-7.640934e-02
1.787250e+04,2.000000e+00,2.072912e+00,2.072912e+00,-7.291222e-02
1.787750e+04,4.000000e+00,2.069415e+00,2.069415e+00,1.930585e+00
1.788250e+04,4.000000e+00,2.065918e+00,2.065918e+00,1.934082e+00
1.788750e+04,1.000000e+00,2.062421e+00,2.062421e+00,-1.062421e+00
1.789250e+04,1.000000e+00,2.058924e+00,2.058924e+00,-1.058924e+00
1.789750e+04,3.000000e+00,2.055427e+00,2.055427e+00,9.445734e-01
1.790250e+04,3.000000e+00,2.051929e+00,2.051929e+00,9.480705e-01
1.790750e+04,1.000000e+00,2.048432e+00,2.048432e+00,-1.048432e+00
1.791250e+04,2.000000e+00,2.044935e+00,2.044935e+00,-4.493523e-02
1.791750e+04,0.000000e+00,2.041438e+00,2.041438e+00,-2.041438e+00
1.792250e+04,1.000000e+00,2.037941e+00,2.037941e+00,-1.037941e+00
1.792750e+04,1.000000e+00,2.034444e+00,2.034444e+00,-1.034444e+00
1.793250e+04,2.000000e+00,2.030947e+00,2.030947e+00,-3.094673e-02
1.793750e+04,1.000000e+00,2.027450e+00,2.027450e+00,-1.027450e+00
1.794250e+04,3.000000e+00,2.023952e+00,2.023952e+00,9.760475e-01
1.794750e+04,1.000000e+00,2.020455e+00,2.020455e+00,-1.020455e+00
1.795250e+04,1.000000e+00,2.016958e+00,2.016958e+00,-1.016958e+00
1.795750e+04,3.000000e+00,2.013461e+00,2.013461e+00,9.865389e-01
1.796250e+04,4.000000e+00,2.009964e+00,2.009964e+00,1.990036e+00
1.796750e+04,5.000000e+00,2.006467e+00,2.006467e+00,2.993533e+00
1.797250e+04,3.000000e+00,2.002970e+00,2.002970e+00,9.970303e-01
1.797750e+04,2.000000e+00,1.999472e+00,1.999472e+00,5.275011e-04
1.798250e+04,4.000000e+00,1.995975e+00,1.995975e+00,2.004025e+00
1.798750e+04,2.000000e+00,1.992478e+00,1.992478e+00,7.521987e-03
1.799250e+04,3.000000e+00,1.988981e+00,1.988981e+00,1.011019e+00
1.799750e+04,0.000000e+00,1.985484e+00,1.985484e+00,-1.985484e+00
1.800250e+04,1.000000e+00,1.981986e+00,1.981986e+00,-9.819863e-01
1.800750e+04,3.000000e+00,1.978489e+00,1.978489e+00,1.021511e+00
1.801250e+04,4.000000e+00,1.974992e+00,1.974992e+00,2.025008e+00
1.801750e+04,7.000000e+00,1.971495e+00,1.971495e+00,5.028505e+00
1.802250e+04,1.000000e+00,1.967997e+00,1.967997e+00,-9.679973e-01
1.802750e+04,1.000000e+00,1.964500e+00,1.964500e+00,-9.645001e-01
1.803250e+04,2.000000e+00,1.961003e+00,1.961003e+00,3.899717e-02
1.803750e+04,3.000000e+00,1.957506e+00,1.957506e+00,1.042494e+00
1.804250e+04,2.000000e+00,1.954008e+00,1.954008e+00,4.599166e-02
1.804750e+04,2.000000e+00,1.950511e+00,1.950511e+00,4.948890e-02
1.805250e+04,2.000000e+00,1.947014e+00,1.947014e+00,5.298615e-02
1.805750e+04,1.000000e+00,1.943517e+00,1.943517e+00,-9.435166e-01
1.806250e+04,4.000000e+00,1.940019e+00,1.940019e+00,2.059981e+00
1.806750e+04,2.000000e+00,1.936522e+00,1.936522e+00,6.347787e-02
1.807250e+04,4.000000e+00,1.933025e+00,1.933025e+00,2.066975e+00
1.807750e+04,3.000000e+00,1.929528e+00,1.929528e+00,1.070472e+00
1.808250e+04,2.000000e+00,1.926030e+00,1.926030e+00,7.396960e-02
1.808750e+04,0.000000e+00,1.922533e+00,1.922533e+00,-1.922533e+00
1.809250e+04,1.000000e+00,1.919036e+00,1.919036e+00,-9.190359e-01
1.809750e+04,7.000000e+00,1.915539e+00,1.915539e+00,5.084461e+00
1.810250e+04,7.000000e+00,1.912041e+00,1.912041e+00,5.087958e+00
1.810750e+04,2.000000e+00,1.908544e+00,1.908544e+00,9.145582e-02
1.811250e+04,3.000000e+00,1.905047e+00,1.905047e+00,1.094953e+00
1.811750e+04,3.000000e+00,1.901550e+00,1.901550e+00,1.098450e+00
1.812250e+04,2.000000e+00,1.898052e+00,1.898052e+00,1.019475e-01
1.812750e+04,3.000000e+00,1.894555e+00,1.894555e+00,1.105445e+00
1.813250e+04,5.000000e+00,1.891058e+00,1.891058e+00,3.108942e+00
1.813750e+04,4.000000e+00,1.887561e+00,1.887561e+00,2.112439e+00
1.814250e+04,2.000000e+00,1.884063e+00,1.884063e+00,1.159365e-01
1.814750e+04,7.000000e+00,1.880566e+00,1.880566e+00,5.119434e+00
1.815250e+04,2.000000e+00,1.877069e+00,1.877069e+00,1.229310e-01
1.815750e+04,2.000000e+00,1.873572e+00,1.873572e+00,1.264282e-01
1.816250e+04,3.000000e+00,1.870075e+00,1.870075e+00,1.129925e+00
1.816750e+04,5.000000e+00,1.866577e+00,1.866577e+00,3.133423e+00
1.817250e+04,2.000000e+00,1.863083e+00,1.863083e+00,1.369171e-01
1.817750e+04,2.000000e+00,1.868622e+00,1.868622e+00,1.313782e-01
1.818250e+04,2.000000e+00,1.874161e+00,1.874161e+00,1.258392e-01
1.818750e+04,2.000000e+00,1.879639e+00,1.879639e+00,1.203613e-01
1.819250e+04,3.000000e+00,1.885117e+00,1.885117e+00,1.114883e+00
1.819750e+04,0.000000e+00,1.890564e+00,1.890564e+00,-1.890564e+00
1.820250e+04,1.000000e+00,1.895996e+00,1.895996e+00,-8.959961e-01
1.820750e+04,1.000000e+00,1.901413e+00,1.901413e+00,-9.014130e-01
1.821250e+04,1.000000e+00,1.906784e+00,1.906784e+00,-9.067841e-01
1.821750e+04,2.000000e+00,1.912140e+00,1.912140e+00,8.786011e-02
1.822250e+04,2.000000e+00,1.917496e+00,1.917496e+00,8.250427e-02
1.822750e+04,2.000000e+00,1.922791e+00,1.922791e+00,7.720947e-02
1.823250e+04,3.000000e+00,1.928085e+00,1.928085e+00,1.071915e+00
1.823750e+04,5.000000e+00,1.933350e+00,1.933350e+00,3.066650e+00
1.824250e+04,3.000000e+00,1.938599e+00,1.938599e+00,1.061401e+00
1.824750e+04,3.000000e+00,1.943848e+00,1.943848e+00,1.056152e+00
1.825250e+04,1.000000e+00,1.949020e+00,1.949020e+00,-9.490204e-01
1.825750e+04,1.000000e+00,1.954208e+00,1.954208e+00,-9.542084e-01
1.826250e+04,3.000000e+00,1.959381e+00,1.959381e+00,1.040619e+00
1.826750e+04,1.000000e+00,1.964478e+00,1.964478e+00,-9.644775e-01
1.827250e+04,6.000000e+00,1.969604e+00,1.969604e+00,4.030396e+00
1.827750e+04,3.000000e+00,1.974670e+00,1.974670e+00,1.025330e+00
1.828250e+04,2.000000e+00,1.979736e+00,1.979736e+00,2.026367e-02
1.828750e+04,2.000000e+00,1.984802e+00,1.984802e+00,1.519775e-02
1.829250e+04,1.000000e+00,1.989792e+00,1.989792e+00,-9.897919e-01
1.829750e+04,2.000000e+00,1.994797e+00,1.994797e+00,5.203247e-03
1.830250e+04,1.000000e+00,1.999786e+00,1.999786e+00,-9.997864e-01
1.830750e+04,3.000000e+00,2.004715e+00,2.004715e+00,9.952850e-01
1.831250e+04,2.000000e+00,2.009659e+00,2.009659e+00,-9.658813e-03
1.831750e+04,3.000000e+00,2.014526e+00,2.014526e+00,9.854736e-01
1.832250e+04,1.000000e+00,2.019424e+00,2.019424e+00,-1.019424e+00
1.832750e+04,5.000000e+00,2.024292e+00,2.024292e+00,2.975708e+00
1.833250e+04,2.000000e+00,2.029099e+00,2.029099e+00,-2.909851e-02
1.833750e+04,3.000000e+00,2.033920e+00,2.033920e+00,9.660797e-01
1.834250e+04,3.000000e+00,2.038727e+00,2.038727e+00,9.612732e-01
1.834750e+04,1.000000e+00,2.043472e+00,2.043472e+00,-1.043472e+00
1.835250e+04,1.000000e+00,2.048233e+00,2.048233e+00,-1.048233e+00
1.835750e+04,4.000000e+00,2.052963e+00,2.052963e+00,1.947037e+00
1.836250e+04,8.000000e+00,2.057632e+00,2.057632e+00,5.942368e+00
1.836750e+04,1.000000e+00,2.062332e+00,2.062332e+00,-1.062332e+00
1.837250e+04,1.000000e+00,2.066956e+00,2.066956e+00,-1.066956e+00
1.837750e+04,5.000000e+00,2.071594e+00,2.071594e+00,2.928406e+00
1.838250e+04,4.000000e+00,2.076218e+00,2.076218e+00,1.923782e+00
1.838750e+04,1.000000e+00,2.080780e+00,2.080780e+00,-1.080780e+00
1.839250e+04,4.000000e+00,2.085342e+00,2.085342e+00,1.914658e+00
1.839750e+04,1.000000e+00,2.089890e+00,2.089890e+00,-1.089890e+00
1.840250e+04,2.000000e+00,2.094391e+00,2.094391e+00,-9.439087e-02
1.840750e+04,5.000000e+00,2.098877e+00,2.098877e+00,2.901123e+00
1.841250e+04,2.000000e+00,2.103333e+00,2.103333e+00,-1.033325e-01
1.841750e+04,1.000000e+00,2.107788e+00,2.107788e+00,-1.107788e+00
1.842250e+04,2.000000e+00,2.112228e+00,2.112228e+00,-1.122284e-01
1.842750e+04,1.000000e+00,2.116608e+00,2.116608e+00,-1.116608e+00
1.843250e+04,1.000000e+00,2.120987e+00,2.120987e+00,-1.120987e+00
1.843750e+04,5.000000e+00,2.125366e+00,2.125366e+00,2.874634e+00
1.844250e+04,0.000000e+00,2.129669e+00,2.129669e+00,-2.129669e+00
1.844750e+04,1.000000e+00,2.133987e+00,2.133987e+00,-1.133987e+00
1.845250e+04,0.000000e+00,2.138260e+00,2.138260e+00,-2.138260e+00
1.845750e+04,4.000000e+00,2.142532e+00,2.142532e+00,1.857468e+00
1.846250e+04,1.000000e+00,2.146774e+00,2.146774e+00,-1.146774e+00
1.846750e+04,4.000000e+00,2.150986e+00,2.150986e+00,1.849014e+00
1.847250e+04,6.000000e+00,2.155182e+00,2.155182e+00,3.844818e+00
1.847750e+04,1.000000e+00,2.159363e+00,2.159363e+00,-1.159363e+00
1.848250e+04,1.000000e+00,2.163498e+00,2.163498e+00,-1.163498e+00
1.848750e+04,2.000000e+00,2.167633e+00,2.167633e+00,-1.676331e-01
1.849250e+04,1.000000e+00,2.171707e+00,2.171707e+00,-1.171707e+00
1.849750e+04,2.000000e+00,2.175812e+00,2.175812e+00,-1.758118e-01
1.850250e+04,3.000000e+00,2.179871e+00,2.179871e+00,8.201294e-01
1.850750e+04,1.000000e+00,2.183884e+00,2.183884e+00,-1.183884e+00
1.851250e+04,0.000000e+00,2.187912e+00,2.187912e+00,-2.187912e+00
1.851750e+04,3.000000e+00,2.191910e+00,2.191910e+00,8.080902e-01
1.852250e+04,0.000000e+00,2.195847e+00,2.195847e+00,-2.195847e+00
1.852750e+04,0.000000e+00,2.199814e+00,2.199814e+00,-2.199814e+00
1.853250e+04,0.000000e+00,2.203735e+00,2.203735e+00,-2.203735e+00
1.853750e+04,1.000000e+00,2.207611e+00,2.207611e+00,-1.207611e+00
1.854250e+04,3.000000e+00,2.211502e+00,2.211502e+00,7.884979e-01
1.854750e+04,2.000000e+00,2.215332e+00,2.215332e+00,-2.153320e-01
1.855250e+04,1.000000e+00,2.219162e+00,2.219162e+00,-1.219162e+00
1.855750e+04,0.000000e+00,2.222992e+00,2.222992e+00,-2.222992e+00
1.856250e+04,1.000000e+00,2.226746e+00,2.226746e+00,-1.226746e+00
1.856750e+04,4.000000e+00,2.230515e+00,2.230515e+00,1.769485e+00
1.857250e+04,7.000000e+00,2.234268e+00,2.234268e+00,4.765732e+00
1.857750e+04,2.000000e+00,2.237961e+00,2.237961e+00,-2.379608e-01
1.858250e+04,4.000000e+00,2.241653e+00,2.241653e+00,1.758347e+00
1.858750e+04,2.000000e+00,2.245316e+00,2.245316e+00,-2.453156e-01
1.859250e+04,2.000000e+00,2.248962e+00,2.248962e+00,-2.489624e-01
1.859750e+04,2.000000e+00,2.252594e+00,2.252594e+00,-2.525940e-01
1.860250e+04,3.000000e+00,2.256180e+00,2.256180e+00,7.438202e-01
1.860750e+04,1.000000e+00,2.259766e+00,2.259766e+00,-1.259766e+00
1.861250e+04,0.000000e+00,2.263321e+00,2.263321e+00,-2.263321e+00
1.861750e+04,1.000000e+00,2.266846e+00,2.266846e+00,-1.266846e+00
1.862250e+04,5.000000e+00,2.270355e+00,2.270355e+00,2.729645e+00
1.862750e+04,1.000000e+00,2.273819e+00,2.273819e+00,-1.273819e+00
1.863250e+04,1.000000e+00,2.277283e+00,2.277283e+00,-1.277283e+00
1.863750e+04,2.000000e+00,2.280746e+00,2.280746e+00,-2.807465e-01
1.864250e+04,0.000000e+00,2.284134e+00,2.284134e+00,-2.284134e+00
1.864750e+04,0.000000e+00,2.287537e+00,2.287537e+00,-2.287537e+00
1.865250e+04,2.000000e+00,2.290924e+00,2.290924e+00,-2.909241e-01
1.865750e+04,4.000000e+00,2.294250e+00,2.294250e+00,1.705750e+00
1.866250e+04,3.000000e+00,2.297592e+00,2.297592e+00,7.024078e-01
1.866750e+04,2.000000e+00,2.300903e+00,2.300903e+00,-3.009033e-01
1.867250e+04,3.000000e+00,2.304169e+00,2.304169e+00,6.958313e-01
1.867750e+04,1.000000e+00,2.307419e+00,2.307419e+00,-1.307419e+00
1.868250e+04,1.000000e+00,2.310654e+00,2.310654e+00,-1.310654e+00
1.868750e+04,4.000000e+00,2.313858e+00,2.313858e+00,1.686142e+00
1.869250e+04,2.000000e+00,2.317062e+00,2.317062e+00,-3.170624e-01
1.869750e+04,4.000000e+00,2.320206e+00,2.320206e+00,1.679794e+00
1.870250e+04,1.000000e+00,2.323364e+00,2.323364e+00,-1.323364e+00
1.870750e+04,4.000000e+00,2.326492e+00,2.326492e+00,1.673508e+00
1.871250e+04,1.000000e+00,2.329559e+00,2.329559e+00,-1.329559e+00
1.871750e+04,1.000000e+00,2.332657e+00,2.332657e+00,-1.332657e+00
1.872250e+04,3.000000e+00,2.335678e+00,2.335678e+00,6.643219e-01
1.872750e+04,3.000000e+00,2.338715e+00,2.338715e+00,6.612854e-01
1.873250e+04,3.000000e+00,2.341721e+00,2.341721e+00,6.582794e-01
1.873750e+04,5.000000e+00,2.344696e+00,2.344696e+00,2.655304e+00
1.874250e+04,1.000000e+00,2.347656e+00,2.347656e+00,-1.347656e+00
1.874750e+04,3.000000e+00,2.350601e+00,2.350601e+00,6.493988e-01
1.875250e+04,6.000000e+00,2.353500e+00,2.353500e+00,3.646500e+00
1.875750e+04,0.000000e+00,2.356400e+00,2.356400e+00,-2.356400e+00
1.876250e+04,1.000000e+00,2.359253e+00,2.359253e+00,-1.359253e+00
1.876750e+04,2.000000e+00,2.362106e+00,2.362106e+00,-3.621063e-01
1.877250e+04,4.000000e+00,2.364944e+00,2.364944e+00,1.635056e+00
1.877750e+04,1.000000e+00,2.367722e+00,2.367722e+00,-1.367722e+00
1.878250e+04,0.000000e+00,2.370499e+00,2.370499e+00,-2.370499e+00
1.878750e+04,2.000000e+00,2.373276e+00,2.373276e+00,-3.732758e-01
1.879250e+04,1.000000e+00,2.375977e+00,2.375977e+00,-1.375977e+00
1.879750e+04,1.000000e+00,2.378693e+00,2.378693e+00,-1.378693e+00
1.880250e+04,3.000000e+00,2.381363e+00,2.381363e+00,6.186371e-01
1.880750e+04,2.000000e+00,2.384033e+00,2.384033e+00,-3.840332e-01
1.881250e+04,2.000000e+00,2.386688e+00,2.386688e+00,-3.866882e-01
1.881750e+04,1.000000e+00,2.389282e+00,2.389282e+00,-1.389282e+00
1.882250e+04,1.000000e+00,2.391891e+00,2.391891e+00,-1.391891e+00
1.882750e+04,4.000000e+00,2.394470e+00,2.394470e+00,1.605530e+00
1.883250e+04,0.000000e+00,2.396988e+00,2.396988e+00,-2.396988e+00
1.883750e+04,0.000000e+00,2.399521e+00,2.399521e+00,-2.399521e+00
1.884250e+04,4.000000e+00,2.402039e+00,2.402039e+00,1.597961e+00
1.884750e+04,3.000000e+00,2.404495e+00,2.404495e+00,5.955048e-01
1.885250e+04,3.000000e+00,2.406952e+00,2.406952e+00,5.930481e-01
1.885750e+04,5.000000e+00,2.409363e+00,2.409363e+00,2.590637e+00
1.886250e+04,2.000000e+00,2.411804e+00,2.411804e+00,-4.118042e-01
1.886750e+04,1.000000e+00,2.414185e+00,2.414185e+00,-1.414185e+00
1.887250e+04,2.000000e+00,2.416534e+00,2.416534e+00,-4.165344e-01
1.887750e+04,0.000000e+00,2.418900e+00,2.418900e+00,-2.418900e+00
1.888250e+04,0.000000e+00,2.421219e+00,2.421219e+00,-2.421219e+00
1.888750e+04,3.000000e+00,2.423492e+00,2.423492e+00,5.765076e-01
1.889250e+04,4.000000e+00,2.425766e+00,2.425766e+00,1.574234e+00
1.889750e+04,2.000000e+00,2.428009e+00,2.428009e+00,-4.280090e-01
1.890250e+04,3.000000e+00,2.430252e+00,2.430252e+00,5.697479e-01
1.890750e+04,0.000000e+00,2.432449e+00,2.432449e+00,-2.432449e+00
1.891250e+04,3.000000e+00,2.434616e+00,2.434616e+00,5.653839e-01
1.891750e+04,1.000000e+00,2.436798e+00,2.436798e+00,-1.436798e+00
1.892250e+04,3.000000e+00,2.438934e+00,2.438934e+00,5.610657e-01
1.892750e+04,3.000000e+00,2.441025e+00,2.441025e+00,5.589752e-01
1.893250e+04,0.000000e+00,2.443115e+00,2.443115e+00,-2.443115e+00
1.893750e+04,3.000000e+00,2.445175e+00,2.445175e+00,5.548248e-01
1.894250e+04,3.000000e+00,2.447235e+00,2.447235e+00,5.527649e-01
1.894750e+04,0.000000e+00,2.449265e+00,2.449265e+00,-2.449265e+00
1.895250e+04,3.000000e+00,2.451233e+00,2.451233e+00,5.487671e-01
1.895750e+04,1.000000e+00,2.453232e+00,2.453232e+00,-1.453232e+00
1.896250e+04,2.000000e+00,2.455185e+00,2.455185e+00,-4.551849e-01
1.896750e+04,0.000000e+00,2.457092e+00,2.457092e+00,-2.457092e+00
1.897250e+04,2.000000e+00,2.459015e+00,2.459015e+00,-4.590149e-01
1.897750e+04,2.000000e+00,2.460876e+00,2.460876e+00,-4.608765e-01
1.898250e+04,2.000000e+00,2.462753e+00,2.462753e+00,-4.627533e-01
1.898750e+04,2.000000e+00,2.464600e+00,2.464600e+00,-4.645996e-01
1.899250e+04,0.000000e+00,2.466385e+00,2.466385e+00,-2.466385e+00
1.899750e+04,0.000000e+00,2.468201e+00,2.468201e+00,-2.468201e+00
1.900250e+04,5.000000e+00,2.469971e+00,2.469971e+00,2.530029e+00
1.900750e+04,3.000000e+00,2.471695e+00,2.471695e+00,5.283051e-01
1.901250e+04,5.000000e+00,2.473434e+00,2.473434e+00,2.526566e+00
1.901750e+04,2.000000e+00,2.475159e+00,2.475159e+00,-4.751587e-01
1.902250e+04,1.000000e+00,2.476807e+00,2.476807e+00,-1.476807e+00
1.902750e+04,5.000000e+00,2.478470e+00,2.478470e+00,2.521530e+00
1.903250e+04,2.000000e+00,2.480072e+00,2.480072e+00,-4.800720e-01
1.903750e+04,2.000000e+00,2.481689e+00,2.481689e+00,-4.816895e-01
1.904250e+04,0.000000e+00,2.483307e+00,2.483307e+00,-2.483307e+00
1.904750e+04,0.000000e+00,2.484848e+00,2.484848e+00,-2.484848e+00
1.905250e+04,3.000000e+00,2.486389e+00,2.486389e+00,5.136108e-01
1.905750e+04,1.000000e+00,2.487915e+00,2.487915e+00,-1.487915e+00
1.906250e+04,2.000000e+00,2.489395e+00,2.489395e+00,-4.893951e-01
1.906750e+04,2.000000e+00,2.490875e+00,2.490875e+00,-4.908752e-01
1.907250e+04,4.000000e+00,2.492310e+00,2.492310e+00,1.507690e+00
1.907750e+04,0.000000e+00,2.493744e+00,2.493744e+00,-2.493744e+00
1.908250e+04,5.000000e+00,2.495163e+00,2.495163e+00,2.504837e+00
1.908750e+04,5.000000e+00,2.496521e+00,2.496521e+00,2.503479e+00
1.909250e+04,4.000000e+00,2.497894e+00,2.497894e+00,1.502106e+00
1.909750e+04,1.000000e+00,2.499237e+00,2.499237e+00,-1.499237e+00
1.910250e+04,2.000000e+00,2.500519e+00,2.500519e+00,-5.005188e-01
1.910750e+04,5.000000e+00,2.501831e+00,2.501831e+00,2.498169e+00
1.911250e+04,6.000000e+00,2.503067e+00,2.503067e+00,3.496933e+00
1.911750e+04,0.000000e+00,2.504318e+00,2.504318e+00,-2.504318e+00
1.912250e+04,4.000000e+00,2.505554e+00,2.505554e+00,1.494446e+00
1.912750e+04,1.000000e+00,2.506729e+00,2.506729e+00,-1.506729e+00
1.913250e+04,2.000000e+00,2.507919e+00,2.507919e+00,-5.079193e-01
1.913750e+04,2.000000e+00,2.509079e+00,2.509079e+00,-5.090790e-01
1.914250e+04,6.000000e+00,2.510193e+00,2.510193e+00,3.489807e+00
1.914750e+04,3.000000e+00,2.511307e+00,2.511307e+00,4.886932e-01
1.915250e+04,1.000000e+00,2.512405e+00,2.512405e+00,-1.512405e+00
1.915750e+04,2.000000e+00,2.513443e+00,2.513443e+00,-5.134430e-01
1.916250e+04,4.000000e+00,2.514481e+00,2.514481e+00,1.485519e+00
1.916750e+04,2.000000e+00,2.515472e+00,2.515472e+00,-5.154724e-01
1.917250e+04,3.000000e+00,2.516479e+00,2.516479e+00,4.835205e-01
1.917750e+04,6.000000e+00,2.517471e+00,2.517471e+00,3.482529e+00
1.918250e+04,4.000000e+00,2.518387e+00,2.518387e+00,1.481613e+00
1.918750e+04,1.000000e+00,2.519318e+00,2.519318e+00,-1.519318e+00
1.919250e+04,3.000000e+00,2.520233e+00,2.520233e+00,4.797668e-01
1.919750e+04,2.000000e+00,2.521088e+00,2.521088e+00,-5.210876e-01
1.920250e+04,3.000000e+00,2.521957e+00,2.521957e+00,4.780426e-01
1.920750e+04,2.000000e+00,2.522766e+00,2.522766e+00,-5.227661e-01
1.921250e+04,2.000000e+00,2.523590e+00,2.523590e+00,-5.235901e-01
1.921750e+04,5.000000e+00,2.524384e+00,2.524384e+00,2.475616e+00
1.922250e+04,3.000000e+00,2.525116e+00,2.525116e+00,4.748840e-01
1.922750e+04,1.000000e+00,2.525879e+00,2.525879e+00,-1.525879e+00
1.923250e+04,1.000000e+00,2.526611e+00,2.526611e+00,-1.526611e+00
1.923750e+04,5.000000e+00,2.527283e+00,2.527283e+00,2.472717e+00
1.924250e+04,5.000000e+00,2.527954e+00,2.527954e+00,2.472046e+00
1.924750e+04,0.000000e+00,2.528580e+00,2.528580e+00,-2.528580e+00
1.925250e+04,2.000000e+00,2.529236e+00,2.529236e+00,-5.292358e-01
1.925750e+04,1.000000e+00,2.529846e+00,2.529846e+00,-1.529846e+00
1.926250e+04,1.000000e+00,2.530396e+00,2.530396e+00,-1.530396e+00
1.926750e+04,3.000000e+00,2.530960e+00,2.530960e+00,4.690399e-01
1.927250e+04,3.000000e+00,2.531509e+00,2.531509e+00,4.684906e-01
1.927750e+04,2.000000e+00,2.531998e+00,2.531998e+00,-5.319977e-01
1.928250e+04,3.000000e+00,2.532501e+00,2.532501e+00,4.674988e-01
1.928750e+04,0.000000e+00,2.532944e+00,2.532944e+00,-2.532944e+00
1.929250e+04,3.000000e+00,2.533401e+00,2.533401e+00,4.665985e-01
1.929750e+04,0.000000e+00,2.533829e+00,2.533829e+00,-2.533829e+00
1.930250e+04,5.000000e+00,2.534195e+00,2.534195e+00,2.465805e+00
1.930750e+04,4.000000e+00,2.534592e+00,2.534592e+00,1.465408e+00
1.931250e+04,2.000000e+00,2.534958e+00,2.534958e+00,-5.349579e-01
1.931750e+04,0.000000e+00,2.535263e+00,2.535263e+00,-2.535263e+00
1.932250e+04,2.000000e+00,2.535568e+00,2.535568e+00,-5.355682e-01
1.932750e+04,2.000000e+00,2.535858e+00,2.535858e+00,-5.358582e-01
1.933250e+04,2.000000e+00,2.536102e+00,2.536102e+00,-5.361023e-01
1.933750e+04,4.000000e+00,2.536362e+00,2.536362e+00,1.463638e+00
1.934250e+04,2.000000e+00,2.536545e+00,2.536545e+00,-5.365448e-01
1.934750e+04,3.000000e+00,2.536743e+00,2.536743e+00,4.632568e-01
1.935250e+04,4.000000e+00,2.536926e+00,2.536926e+00,1.463074e+00
1.935750e+04,2.000000e+00,2.537048e+00,2.537048e+00,-5.370483e-01
1.936250e+04,0.000000e+00,2.537186e+00,2.537186e+00,-2.537186e+00
1.936750e+04,2.000000e+00,2.537292e+00,2.537292e+00,-5.372925e-01
1.937250e+04,3.000000e+00,2.537354e+00,2.537354e+00,4.626465e-01
1.937750e+04,1.000000e+00,2.537415e+00,2.537415e+00,-1.537415e+00
1.938250e+04,2.000000e+00,2.537430e+00,2.537430e+00,-5.374298e-01
1.938750e+04,1.000000e+00,2.537445e+00,2.537445e+00,-1.537445e+00
1.939250e+04,2.000000e+00,2.537430e+00,2.537430e+00,-5.374298e-01
1.939750e+04,0.000000e+00,2.537384e+00,2.537384e+00,-2.537384e+00
1.940250e+04,1.000000e+00,2.537338e+00,2.537338e+00,-1.537338e+00
1.940750e+04,1.000000e+00,2.537262e+00,2.537262e+00,-1.537262e+00
1.941250e+04,1.000000e+00,2.537125e+00,2.537125e+00,-1.537125e+00
1.941750e+04,1.000000e+00,2.537018e+00,2.537018e+00,-1.537018e+00
1.942250e+04,1.000000e+00,2.536835e+00,2.536835e+00,-1.536835e+00
1.942750e+04,2.000000e+00,2.536682e+00,2.536682e+00,-5.366821e-01
1.943250e+04,3.000000e+00,2.536499e+00,2.536499e+00,4.635010e-01
1.943750e+04,0.000000e+00,2.536255e+00,2.536255e+00,-2.536255e+00
1.944250e+04,3.000000e+00,2.536011e+00,2.536011e+00,4.639893e-01
1.944750e+04,4.000000e+00,2.535751e+00,2.535751e+00,1.464249e+00
1.945250e+04,2.000000e+00,2.535446e+00,2.535446e+00,-5.354462e-01
1.945750e+04,3.000000e+00,2.535141e+00,2.535141e+00,4.648590e-01
1.946250e+04,1.000000e+00,2.534790e+00,2.534790e+00,-1.534790e+00
1.946750e+04,3.000000e+00,2.534454e+00,2.534454e+00,4.655457e-01
1.947250e+04,1.000000e+00,2.534073e+00,2.534073e+00,-1.534073e+00
1.947750e+04,1.000000e+00,2.533646e+00,2.533646e+00,-1.533646e+00
1.948250e+04,3.000000e+00,2.533234e+00,2.533234e+00,4.667664e-01
1.948750e+04,4.000000e+00,2.532791e+00,2.532791e+00,1.467209e+00
1.949250e+04,4.000000e+00,2.532303e+00,2.532303e+00,1.467697e+00
1.949750e+04,2.000000e+00,2.531830e+00,2.531830e+00,-5.318298e-01
1.950250e+04,5.000000e+00,2.531311e+00,2.531311e+00,2.468689e+00
1.950750e+04,2.000000e+00,2.530746e+00,2.530746e+00,-5.307465e-01
1.951250e+04,5.000000e+00,2.530197e+00,2.530197e+00,2.469803e+00
1.951750e+04,2.000000e+00,2.529587e+00,2.529587e+00,-5.295868e-01
1.952250e+04,3.000000e+00,2.528992e+00,2.528992e+00,4.710083e-01
1.952750e+04,4.000000e+00,2.528366e+00,2.528366e+00,1.471634e+00
1.953250e+04,2.000000e+00,2.527695e+00,2.527695e+00,-5.276947e-01
1.953750e+04,4.000000e+00,2.527023e+00,2.527023e+00,1.472977e+00
1.954250e+04,6.000000e+00,2.526337e+00,2.526337e+00,3.473663e+00
1.954750e+04,0.000000e+00,2.525589e+00,2.525589e+00,-2.525589e+00
1.955250e+04,0.000000e+00,2.524857e+00,2.524857e+00,-2.524857e+00
1.955750e+04,1.000000e+00,2.524063e+00,2.524063e+00,-1.524063e+00
1.956250e+04,2.000000e+00,2.523270e+00,2.523270e+00,-5.232697e-01
1.956750e+04,2.000000e+00,2.522476e+00,2.522476e+00,-5.224762e-01
1.957250e+04,1.000000e+00,2.521622e+00,2.521622e+00,-1.521622e+00
1.957750e+04,6.000000e+00,2.520767e+00,2.520767e+00,3.479233e+00
1.958250e+04,5.000000e+00,2.519897e+00,2.519897e+00,2.480103e+00
1.958750e+04,3.000000e+00,2.518967e+00,2.518967e+00,4.810333e-01
1.959250e+04,4.000000e+00,2.518051e+00,2.518051e+00,1.481949e+00
1.959750e+04,3.000000e+00,2.517075e+00,2.517075e+00,4.829254e-01
1.960250e+04,2.000000e+00,2.516098e+00,2.516098e+00,-5.160980e-01
1.960750e+04,3.000000e+00,2.515121e+00,2.515121e+00,4.848785e-01
1.961250e+04,4.000000e+00,2.514084e+00,2.514084e+00,1.485916e+00
1.961750e+04,5.000000e+00,2.513046e+00,2.513046e+00,2.486954e+00
1.962250e+04,4.000000e+00,2.511993e+00,2.511993e+00,1.488007e+00
1.962750e+04,5.000000e+00,2.510880e+00,2.510880e+00,2.489120e+00
1.963250e+04,4.000000e+00,2.509766e+00,2.509766e+00,1.490234e+00
1.963750e+04,7.000000e+00,2.508652e+00,2.508652e+00,4.491348e+00
1.964250e+04,2.000000e+00,2.507462e+00,2.507462e+00,-5.074615e-01
1.964750e+04,2.000000e+00,2.506287e+00,2.506287e+00,-5.062866e-01
1.965250e+04,3.000000e+00,2.505081e+00,2.505081e+00,4.949188e-01
1.965750e+04,7.000000e+00,2.503860e+00,2.503860e+00,4.496140e+00
1.966250e+04,2.000000e+00,2.502625e+00,2.502625e+00,-5.026245e-01
1.966750e+04,2.000000e+00,2.501328e+00,2.501328e+00,-5.013275e-01
1.967250e+04,3.000000e+00,2.500046e+00,2.500046e+00,4.999542e-01
1.967750e+04,1.000000e+00,2.498734e+00,2.498734e+00,-1.498734e+00
1.968250e+04,1.000000e+00,2.497360e+00,2.497360e+00,-1.497360e+00
1.968750e+04,5.000000e+00,2.496017e+00,2.496017e+00,2.503983e+00
1.969250e+04,3.000000e+00,2.494598e+00,2.494598e+00,5.054016e-01
1.969750e+04,5.000000e+00,2.493210e+00,2.493210e+00,2.506790e+00
1.970250e+04,1.000000e+00,2.491791e+00,2.491791e+00,-1.491791e+00
1.970750e+04,5.000000e+00,2.490311e+00,2.490311e+00,2.509689e+00
1.971250e+04,8.000000e+00,2.488846e+00,2.488846e+00,5.511154e+00
1.971750e+04,3.000000e+00,2.487350e+00,2.487350e+00,5.126495e-01
1.972250e+04,5.000000e+00,2.485809e+00,2.485809e+00,2.514191e+00
1.972750e+04,5.000000e+00,2.484268e+00,2.484268e+00,2.515732e+00
1.973250e+04,4.000000e+00,2.482666e+00,2.482666e+00,1.517334e+00
1.973750e+04,3.000000e+00,2.481094e+00,2.481094e+00,5.189056e-01
1.974250e+04,3.000000e+00,2.479477e+00,2.479477e+00,5.205231e-01
1.974750e+04,3.000000e+00,2.477829e+00,2.477829e+00,5.221710e-01
1.975250e+04,6.000000e+00,2.476181e+00,2.476181e+00,3.523819e+00
1.975750e+04,2.000000e+00,2.474503e+00,2.474503e+00,-4.745026e-01
1.976250e+04,6.000000e+00,2.472778e+00,2.472778e+00,3.527222e+00
1.976750e+04,0.000000e+00,2.471054e+00,2.471054e+00,-2.471054e+00
1.977250e+04,2.000000e+00,2.469284e+00,2.469284e+00,-4.692841e-01
1.977750e+04,6.000000e+00,2.467514e+00,2.467514e+00,3.532486e+00
1.978250e+04,3.000000e+00,2.465729e+00,2.465729e+00,5.342712e-01
1.978750e+04,3.000000e+00,2.463882e+00,2.463882e+00,5.361176e-01
1.979250e+04,4.000000e+00,2.462051e+00,2.462051e+00,1.537949e+00
1.979750e+04,3.000000e+00,2.460190e+00,2.460190e+00,5.398102e-01
1.980250e+04,3.000000e+00,2.458282e+00,2.458282e+00,5.417175e-01
1.980750e+04,1.000000e+00,2.456375e+00,2.456375e+00,-1.456375e+00
1.981250e+04,3.000000e+00,2.454453e+00,2.454453e+00,5.455475e-01
1.981750e+04,2.000000e+00,2.452469e+00,2.452469e+00,-4.524689e-01
1.982250e+04,2.000000e+00,2.450500e+00,2.450500e+00,-4.505005e-01
1.982750e+04,1.000000e+00,2.448471e+00,2.448471e+00,-1.448471e+00
1.983250e+04,3.000000e+00,2.446457e+00,2.446457e+00,5.535431e-01
1.983750e+04,3.000000e+00,2.444412e+00,2.444412e+00,5.555878e-01
1.984250e+04,1.000000e+00,2.442322e+00,2.442322e+00,-1.442322e+00
1.984750e+04,2.000000e+00,2.440231e+00,2.440231e+00,-4.402313e-01
1.985250e+04,0.000000e+00,2.438126e+00,2.438126e+00,-2.438126e+00
1.985750e+04,3.000000e+00,2.435959e+00,2.435959e+00,5.640411e-01
1.986250e+04,0.000000e+00,2.433807e+00,2.433807e+00,-2.433807e+00
1.986750e+04,0.000000e+00,2.431610e+00,2.431610e+00,-2.431610e+00
1.987250e+04,2.000000e+00,2.429398e+00,2.429398e+00,-4.293976e-01
1.987750e+04,1.000000e+00,2.427185e+00,2.427185e+00,-1.427185e+00
1.988250e+04,1.000000e+00,2.424896e+00,2.424896e+00,-1.424896e+00
1.988750e+04,2.000000e+00,2.422638e+00,2.422638e+00,-4.226379e-01
1.989250e+04,2.000000e+00,2.420334e+00,2.420334e+00,-4.203339e-01
1.989750e+04,3.000000e+00,2.417999e+00,2.417999e+00,5.820007e-01
1.990250e+04,3.000000e+00,2.415649e+00,2.415649e+00,5.843506e-01
1.990750e+04,5.000000e+00,2.413269e+00,2.413269e+00,2.586731e+00
1.991250e+04,2.000000e+00,2.410873e+00,2.410873e+00,-4.108734e-01
1.991750e+04,4.000000e+00,2.408478e+00,2.408478e+00,1.591522e+00
1.992250e+04,3.000000e+00,2.406006e+00,2.406006e+00,5.939941e-01
1.992750e+04,5.000000e+00,2.403564e+00,2.403564e+00,2.596436e+00
1.993250e+04,3.000000e+00,2.401077e+00,2.401077e+00,5.989227e-01
1.993750e+04,3.000000e+00,2.398560e+00,2.398560e+00,6.014404e-01
1.994250e+04,2.000000e+00,2.396027e+00,2.396027e+00,-3.960266e-01
1.994750e+04,3.000000e+00,2.393494e+00,2.393494e+00,6.065063e-01
1.995250e+04,0.000000e+00,2.390900e+00,2.390900e+00,-2.390900e+00
1.995750e+04,1.000000e+00,2.388306e+00,2.388306e+00,-1.388306e+00
1.996250e+04,3.000000e+00,2.385666e+00,2.385666e+00,6.143341e-01
1.996750e+04,2.000000e+00,2.383026e+00,2.383026e+00,-3.830261e-01
1.997250e+04,4.000000e+00,2.380371e+00,2.380371e+00,1.619629e+00
1.997750e+04,7.000000e+00,2.377655e+00,2.377655e+00,4.622345e+00
1.998250e+04,4.000000e+00,2.374954e+00,2.374954e+00,1.625046e+00
1.998750e+04,9.000000e+00,2.372223e+00,2.372223e+00,6.627777e+00
1.999250e+04,0.000000e+00,2.369446e+00,2.369446e+00,-2.369446e+00
1.999750e+04,2.000000e+00,2.366669e+00,2.366669e+00,-3.666687e-01
2.000250e+04,1.000000e+00,2.363846e+00,2.363846e+00,-1.363846e+00
2.000750e+04,0.000000e+00,2.361023e+00,2.361023e+00,-2.361023e+00
2.001250e+04,3.000000e+00,2.358185e+00,2.358185e+00,6.418152e-01
2.001750e+04,4.000000e+00,2.355301e+00,2.355301e+00,1.644699e+00
2.002250e+04,4.000000e+00,2.352402e+00,2.352402e+00,1.647598e+00
2.002750e+04,1.000000e+00,2.349503e+00,2.349503e+00,-1.349503e+00
2.003250e+04,1.000000e+00,2.346527e+00,2.346527e+00,-1.346527e+00
2.003750e+04,1.000000e+00,2.343582e+00,2.343582e+00,-1.343582e+00
2.004250e+04,1.000000e+00,2.340561e+00,2.340561e+00,-1.340561e+00
2.004750e+04,1.000000e+00,2.337570e+00,2.337570e+00,-1.337570e+00
2.005250e+04,0.000000e+00,2.334534e+00,2.334534e+00,-2.334534e+00
2.005750e+04,3.000000e+00,2.331467e+00,2.331467e+00,6.685333e-01
2.006250e+04,1.000000e+00,2.328400e+00,2.328400e+00,-1.328400e+00
2.006750e+04,1.000000e+00,2.325317e+00,2.325317e+00,-1.325317e+00
2.007250e+04,2.000000e+00,2.322159e+00,2.322159e+00,-3.221588e-01
2.007750e+04,4.000000e+00,2.319031e+00,2.319031e+00,1.680969e+00
2.008250e+04,1.000000e+00,2.315826e+00,2.315826e+00,-1.315826e+00
2.008750e+04,5.000000e+00,2.312653e+00,2.312653e+00,2.687347e+00
2.009250e+04,1.000000e+00,2.309448e+00,2.309448e+00,-1.309448e+00
2.009750e+04,3.000000e+00,2.306183e+00,2.306183e+00,6.938171e-01
2.010250e+04,0.000000e+00,2.302933e+00,2.302933e+00,-2.302933e+00
2.010750e+04,1.000000e+00,2.299652e+00,2.299652e+00,-1.299652e+00
2.011250e+04,2.000000e+00,2.296326e+00,2.296326e+00,-2.963257e-01
2.011750e+04,1.000000e+00,2.292999e+00,2.292999e+00,-1.292999e+00
2.012250e+04,1.000000e+00,2.289658e+00,2.289658e+00,-1.289658e+00
2.012750e+04,1.000000e+00,2.286255e+00,2.286255e+00,-1.286255e+00
2.013250e+04,4.000000e+00,2.282867e+00,2.282867e+00,1.717133e+00
2.013750e+04,0.000000e+00,2.279419e+00,2.279419e+00,-2.279419e+00
2.014250e+04,2.000000e+00,2.275986e+00,2.275986e+00,-2.759857e-01
2.014750e+04,2.000000e+00,2.272522e+00,2.272522e+00,-2.725220e-01
2.015250e+04,3.000000e+00,2.269012e+00,2.269012e+00,7.309875e-01
2.015750e+04,2.000000e+00,2.265503e+00,2.265503e+00,-2.655029e-01
2.016250e+04,1.000000e+00,2.261978e+00,2.261978e+00,-1.261978e+00
2.016750e+04,3.000000e+00,2.258408e+00,2.258408e+00,7.415924e-01
2.017250e+04,2.000000e+00,2.254822e+00,2.254822e+00,-2.548218e-01
2.017750e+04,1.000000e+00,2.251205e+00,2.251205e+00,-1.251205e+00
2.018250e+04,2.000000e+00,2.247589e+00,2.247589e+00,-2.475891e-01
2.018750e+04,3.000000e+00,2.243942e+00,2.243942e+00,7.560577e-01
2.019250e+04,3.000000e+00,2.240250e+00,2.240250e+00,7.597504e-01
2.019750e+04,0.000000e+00,2.236557e+00,2.236557e+00,-2.236557e+00
2.020250e+04,1.000000e+00,2.232849e+00,2.232849e+00,-1.232849e+00
2.020750e+04,3.000000e+00,2.229080e+00,2.229080e+00,7.709198e-01
2.021250e+04,1.000000e+00,2.225327e+00,2.225327e+00,-1.225327e+00
2.021750e+04,0.000000e+00,2.221512e+00,2.221512e+00,-2.221512e+00
2.022250e+04,0.000000e+00,2.217712e+00,2.217712e+00,-2.217712e+00
2.022750e+04,2.000000e+00,2.213852e+00,2.213852e+00,-2.138519e-01
